generator,decoding,scorer,AUROC,CI,AUROC_predicted,error,surprisal_ai,surprisal_human,scorer_entropy,score_ai,score_human
Qwen2.5-3B,pure,GPT-2 XL,0.2878,"[0.220, 0.362]",0.28708431321285544,-0.0007156867871445649,3.4828215,2.9868133,3.2068446,-1.5896589,-0.42740744
Qwen2.5-3B,pure,self,0.5991,"[0.523, 0.677]",0.6164410619487264,0.01734106194872642,2.7531793,2.6634035,2.7135339,-0.22105342,-0.95562017
Qwen2.5-3B,topp,GPT-2 XL,0.9593,"[0.930, 0.984]",0.9591332703410592,-0.00016672965894082292,2.0758097,2.9868133,2.6184778,3.478668,-0.42740744
Qwen2.5-3B,topp,self,0.9970999999999999,"[0.990, 1.000]",0.9920475777893557,-0.00505242221064417,1.3028473,2.6634035,1.9748973,5.2105665,-0.95562017
Qwen2.5-3B-Instruct,pure,GPT-2 XL,0.5284,"[0.448, 0.607]",0.5283800385472384,-1.996145276161876e-05,3.0120203,2.9868133,2.9544308,-0.29675147,-0.42740744
Qwen2.5-3B-Instruct,pure,self,0.9228,"[0.885, 0.957]",0.7985191468164892,-0.12428085318351079,2.1933892,2.7105143,2.2206051,0.19438735,-2.7009616
Qwen2.5-3B-Instruct,topp,GPT-2 XL,0.9804999999999999,"[0.957, 0.997]",0.983067541010645,0.002567541010645047,2.0843763,2.9868133,2.650994,3.6577184,-0.42740744
Qwen2.5-3B-Instruct,topp,self,1.0,"[1.000, 1.000]",0.9874704495229243,-0.012529550477075713,1.269208,2.7105143,1.9059341,5.1901054,-2.7009616
opt-2.7b,pure,GPT-2 XL,0.32670000000000005,"[0.251, 0.397]",0.33126741210340105,0.004567412103401003,3.3481765,2.9865713,3.1452005,-1.1697114,-0.42054856
opt-2.7b,pure,self,0.6451,"[0.567, 0.717]",0.6517091325533076,0.0066091325533076395,2.935426,2.82045,2.919736,-0.05211082,-0.60236776
opt-2.7b,topp,GPT-2 XL,0.9982000000000001,"[0.995, 1.000]",0.999124649878879,0.0009246498788788582,1.8328868,2.9865713,2.5898428,4.942205,-0.42054856
opt-2.7b,topp,self,1.0,"[1.000, 1.000]",0.9999964372826178,-3.5627173822216918e-06,1.5378706,2.82045,2.4118366,5.9957514,-0.60236776
