scorer,temperature,surprisal_margin,AUROC,CI_low,CI_high,AUROC_predicted,error
Qwen2.5-3B,0.6,1.6627517,0.9996999999999999,0.9987955795453002,1.0,0.995396528495852,-0.004303471504147893
Qwen2.5-3B,0.8,1.0438973,0.9912,0.9734310776942356,1.0,0.9489751253278205,-0.0422248746721795
Qwen2.5-3B,0.9,0.6164007,0.9823000000000001,0.9647971468587435,0.9944987006342166,0.8328360703966448,-0.1494639296033553
Qwen2.5-3B,1.0,-0.0897758,0.5991,0.5215321569287655,0.6768388768916969,0.4440887435584007,-0.15501125644159924
Qwen2.5-3B,1.1,-1.2384694,0.08140000000000001,0.042139201124046566,0.12675693277310923,0.026205419445213127,-0.05519458055478689
Qwen2.5-3B,1.2,-3.7631388,0.018400000000000014,0.0010146103896103886,0.045608141324773206,1.8849103975677796e-09,-0.018399998115089616
gpt2,0.6,1.4014084,0.9540000000000001,0.9213999766529944,0.9839983998399839,0.9859162660390778,0.03191626603907771
gpt2,0.8,0.73795843,0.9313,0.890038568185791,0.9618675146975227,0.8761230461126293,-0.05517695388737076
gpt2,0.9,0.35855317,0.8095999999999999,0.7526444293313655,0.86443679248013,0.7127993425592192,-0.0968006574407807
gpt2,1.0,-0.3189435,0.30160000000000003,0.22445379435741689,0.37236796054624427,0.3086984575130158,0.0070984575130157435
gpt2,1.1,-1.2440464,0.029,0.01004111801964967,0.05611976928900883,0.02567884847169599,-0.003321151528304013
gpt2,1.2,-2.9114678,0.0029000000000000002,0.0,0.007952133528570248,2.5568803880613646e-06,-0.002897443119611939
gpt2-xl,0.6,1.2872269,0.966,0.9339809041000252,0.9907050459448169,0.978105759738606,0.012105759738606059
gpt2-xl,0.8,0.6379523,0.9450999999999999,0.9122894122642298,0.973925358495671,0.8411482596753623,-0.10395174032463761
gpt2-xl,0.9,0.22025466,0.8442,0.7924226001119528,0.8953750552153228,0.634942395828767,-0.20925760417123296
gpt2-xl,1.0,-0.49600816,0.2878,0.21898271600756314,0.3604270284934029,0.21861796119359606,-0.06918203880640394
gpt2-xl,1.1,-1.4817703,0.0232,0.0071003481852852076,0.04364870329719312,0.010148490205163301,-0.013051509794836698
gpt2-xl,1.2,-3.239095,0.0010999999999999998,0.0,0.003628076487833861,1.9558094023225683e-07,-0.0010998044190597676
