scorer,group,n_texts,surprisal_margin,AUROC_one_sided,CI,AUROC_two_sided,AUROC_predicted
gpt2-xl,"AI continuation T0.8 (not paraphrased, reference)",100,0.5581748026728954,0.9376999999999999,"[0.901, 0.968]",0.9017000000000001,0.8091809799631464
gpt2-xl,"AI continuation T1.0 (not paraphrased, blind spot, reference)",100,-0.43516992968117174,0.3033,"[0.230, 0.374]",0.6105,0.2475927512547934
gpt2-xl,human original -> greedy paraphrase,100,0.11672196974089832,0.5942000000000001,"[0.510, 0.671]",0.5165,0.572581294611754
gpt2-xl,human original -> sampled paraphrase,100,-0.06388974838448114,0.4432,"[0.362, 0.522]",0.49910000000000004,0.4601163232258575
gpt2-xl,AI T0.8 -> greedy paraphrase,98,0.5913111812694463,0.9526530612244898,"[0.924, 0.977]",0.9207142857142857,0.8229900091365822
gpt2-xl,AI T0.8 -> sampled paraphrase,98,0.2968930016576907,0.8440816326530612,"[0.791, 0.894]",0.7487755102040817,0.6791594155536635
gpt2-xl,AI T1.0 -> greedy paraphrase,100,-0.24337149229925004,0.3945000000000001,"[0.315, 0.476]",0.6587,0.35143096624435444
gpt2-xl,AI T1.0 -> sampled paraphrase,100,-0.3208093622585948,0.3258,"[0.250, 0.402]",0.6302000000000001,0.30753979353174843
Qwen2.5-3B,"AI continuation T0.8 (not paraphrased, reference)",100,0.9109553174697207,0.9891999999999999,"[0.971, 0.999]",0.9547,0.9233295519642511
Qwen2.5-3B,"AI continuation T1.0 (not paraphrased, blind spot, reference)",100,-0.08220258629024269,0.6028,"[0.527, 0.681]",0.48,0.4487404734779578
Qwen2.5-3B,human original -> greedy paraphrase,100,0.11239057761025473,0.5743,"[0.496, 0.657]",0.49110000000000004,0.5699161840275428
Qwen2.5-3B,human original -> sampled paraphrase,100,-0.061808628846723224,0.4925,"[0.412, 0.571]",0.482,0.4614113507267184
Qwen2.5-3B,AI T0.8 -> greedy paraphrase,98,0.7960280759503437,0.9716326530612245,"[0.945, 0.992]",0.9185714285714286,0.8939282304517191
Qwen2.5-3B,AI T0.8 -> sampled paraphrase,98,0.4008847218287288,0.8666326530612245,"[0.812, 0.910]",0.7275510204081632,0.735111334749044
Qwen2.5-3B,AI T1.0 -> greedy paraphrase,100,-0.07941946050883386,0.6574,"[0.584, 0.728]",0.5036,0.4504668601518948
Qwen2.5-3B,AI T1.0 -> sampled paraphrase,100,-0.22966042846387547,0.4849,"[0.405, 0.563]",0.4355,0.3594350370724909
