source,dataset,generator,method,fail_temp,n_prompts,n_humans,paired_CI_low,paired_CI_high,paired_crossing_share,paired_CI_half_width,paired_unstratified_CI_low,paired_unstratified_CI_high,paired_unstratified_crossing_share,paired_unstratified_CI_half_width,separate_CI_low,separate_CI_high,separate_CI_half_width,half_width_ratio
e9,development,Qwen2.5-3B,fdg,1.0100299888276916,300,1000,1.0062517587949562,1.0136144109834524,1.0,0.003681326094248094,1.0063384494050256,1.0137120724244646,1.0,0.003686811509719501,1.0063900386533426,1.0135393788277702,0.0035746700872137938,1.0298366015414393
e9,development,SmolLM2-1.7B,fdg,1.0053253189357874,300,1000,1.0013955648849768,1.008652080232178,1.0,0.0036282576736005323,1.0015811986968097,1.0086767136773744,1.0,0.003547757490282355,1.0014146784647535,1.008734288102204,0.0036598048187251875,0.9913801017575457
e9,development,phi-2,fdg,1.017307480376358,300,1000,1.0134161082030577,1.020912556552874,1.0,0.0037482241749081657,1.0133134243266373,1.020893048534042,1.0,0.003789812103702328,1.0136763173491885,1.0209279952968755,0.003625838973843498,1.0337536228022106
e9,first_test,OLMo-2-0425-1B,fdg,1.0017343265829917,300,1000,0.9981458019913351,1.0049679927791597,1.0,0.0034110953939123223,0.9981445081331809,1.0050185654631028,1.0,0.0034370286649609283,0.998173910652229,1.0046525667249926,0.0032393280363817722,1.0530256138314442
e9,first_test,bloom-1b7,fdg,1.0196988332040902,300,1000,1.015985801649937,1.0227939470824166,1.0,0.00340407271623977,1.0161086518246882,1.022954673930352,1.0,0.003423011052831937,1.01632788106859,1.0227292795277336,0.0032006992295717795,1.0635403304343594
e9,first_test,gpt-neo-1.3B,fdg,1.0035070331979488,300,1000,0.9998219168734392,1.0066322735972502,1.0,0.0034051783619054588,0.9998771515541569,1.0065365539888387,1.0,0.0033297012173408858,1.0003637503203389,1.0063637147338016,0.0029999822067313664,1.1350661861476752
e9,first_test,granite-3.3-2b-base,fdg,1.0045482161123338,300,1000,1.0012550208164503,1.0072969286969573,1.0,0.003020953940253479,1.0013728334426562,1.0073707281286146,1.0,0.00299894734297923,1.0011063818425932,1.0071522392846342,0.0030229287210205014,0.9993467326062668
e6,main2a,Qwen2.5-3B,Likelihood,0.9182268538720193,300,1000,0.9138222463423481,0.9251528496540778,1.0,0.005665301655864874,0.9133968314942356,0.925199534083456,1.0,0.005901351294610224,0.9135892011448532,0.9251573888159916,0.005784093835569215,0.9794622661593368
e6,main2a,Qwen2.5-3B,LogRank,0.9180767733774449,300,1000,0.9138781104066147,0.9246387162579021,1.0,0.005380302925643676,0.9134765526725069,0.9247029040901614,1.0,0.005613175708827245,0.9137612423836996,0.9250407084171482,0.005639733016724324,0.9539995793575118
e6,main2a,Qwen2.5-3B,Entropy,0.9002243647504055,300,1000,0.877632355932088,0.9087930753693062,1.0,0.015580359718609105,0.8775586364519025,0.9086707845339979,1.0,0.015556074041047696,0.8777835199550099,0.908439966484174,0.015328223264582053,1.0164491637207325
e6,main2a,Qwen2.5-3B,LRR,0.9172294687750492,300,1000,0.9128850003118094,0.9237398938946513,1.0,0.005427446791420931,0.9125713519300872,0.9236912411387757,1.0,0.005559944604344225,0.9126884816555388,0.9240939316369527,0.005702724990706953,0.9517286560837828
e6,main2a,Qwen2.5-3B,FastDetectGPT,0.9861112641988916,300,1000,0.9790123597175311,0.9923430863486109,1.0,0.006665363315539907,0.9788872705400027,0.993003544238433,1.0,0.007058136849215135,0.9787145938059272,0.9921318152976036,0.006708610745838228,0.9935534446792653
e6,main2a,Qwen2.5-3B,Binoculars,0.9861246060924369,300,1000,0.9786715374423702,0.9928114803606767,1.0,0.007069971459153224,0.9785066361824931,0.9934884931259533,1.0,0.007490928471730107,0.9782536190422804,0.9919257534949628,0.006836067226341225,1.0342161984467768
e6,main2a,Qwen2.5-3B,DMAP_position,0.9480769965001591,300,1000,0.9411680679768273,0.9538806051711768,1.0,0.006356268597174752,0.9416022765107805,0.9545223535579607,1.0,0.0064600385235900615,0.9406462246141424,0.953837669570226,0.006595722478041799,0.9636955797239459
e6,main2a,Qwen2.5-3B,DMAP_chi2,,300,1000,0.9017141477435275,0.951304613368283,0.4715,0.02479523281237772,0.8992404610870129,0.9393225093859893,0.482,0.020041024149488162,0.8957064501224408,0.9583301084195254,0.0313118291485423,0.7918806881178976
e6,main2a,SmolLM2-1.7B,Likelihood,0.8816671948704523,300,1000,0.8741446153854581,0.889989509535131,1.0,0.00792244707483647,0.873808124737862,0.8903256402975794,1.0,0.008258757779858739,0.8739716151590594,0.8912371972196541,0.008632791030297349,0.9177156086637704
e6,main2a,SmolLM2-1.7B,LogRank,0.8823832113853823,300,1000,0.8748393936097012,0.8904748429225713,1.0,0.007817724656435043,0.8746327335666625,0.8910814410764879,1.0,0.008224353754912705,0.8740684395842152,0.8914273472833428,0.008679453849563812,0.9007161961956771
e6,main2a,SmolLM2-1.7B,Entropy,0.808318401213941,300,1000,0.8009100813748422,0.823119890778872,0.8525,0.011104904702014917,0.8008332376701285,0.8246105542253848,0.8425,0.011888658277628139,0.8011000845337594,0.824727342570366,0.011813629018303295,0.9400079082227548
e6,main2a,SmolLM2-1.7B,LRR,0.8842507899550973,300,1000,0.8758371469217617,0.8929696979149084,1.0,0.00856627549657335,0.8756107569657657,0.8941743765164861,1.0,0.009281809775360195,0.876181598357112,0.8940884961511765,0.008953448897032257,0.9567570659182251
e6,main2a,SmolLM2-1.7B,FastDetectGPT,0.9709193888303477,300,1000,0.9661274595851601,0.9764355552735843,1.0,0.005154047844212084,0.9661741509421607,0.976458165258875,1.0,0.005142007158357109,0.965976479003104,0.976411611835326,0.005217566416110986,0.9878260156492178
e6,main2a,SmolLM2-1.7B,Binoculars,0.9701852233818736,300,1000,0.9652899534519866,0.9757890404013574,1.0,0.00524954347468537,0.9653573487767418,0.9757504893897511,1.0,0.005196570306504611,0.96548385390502,0.9760603374354404,0.0052882417652102,0.9926822009577143
e6,main2a,SmolLM2-1.7B,DMAP_position,0.9534259501965924,300,1000,0.947445013487436,0.9592104674389065,1.0,0.00588272697573522,0.9470644583069613,0.9595548263739281,1.0,0.0062451840334833975,0.9467319790231076,0.9589119552675992,0.006089988122245815,0.9659669046391894
e6,main2a,SmolLM2-1.7B,DMAP_chi2,,300,1000,0.8990630254504467,0.975674767615526,0.1035,0.03830587108253963,0.8974501007972976,0.9788537983172784,0.1405,0.04070184875999039,0.8943885318580312,0.9780427762951368,0.04182712221855278,0.9158141667596901
e6,main2a,phi-2,Likelihood,0.9265731962643204,300,1000,0.9173912943540643,0.9364223615023256,1.0,0.009515533574130652,0.9165862440870789,0.9378559525124938,1.0,0.010634854212707434,0.9186437948571016,0.9364034373682624,0.0088798212555804,1.071590666101612
e6,main2a,phi-2,LogRank,0.9263742568302218,300,1000,0.9174446258909427,0.935959423755055,1.0,0.009257398932056182,0.9164336208483835,0.9372831723209226,1.0,0.010424775736269543,0.9178840283936058,0.9370222291947274,0.009569100400560804,0.9674262516373687
e6,main2a,phi-2,Entropy,0.8735505444568293,300,1000,0.8573795567497572,0.8924123789234994,1.0,0.01751641108687113,0.8561717917513981,0.8932139853640779,1.0,0.0185210968063399,0.8579886477484058,0.8948579082677067,0.018434630259650475,0.9501905294629569
e6,main2a,phi-2,LRR,0.9252276189287052,300,1000,0.9156528715983359,0.9360034994396603,1.0,0.010175313920662232,0.9151338345527326,0.9371976904246314,1.0,0.011031927935949426,0.9162990059803148,0.9366500338291084,0.010175513924396806,0.999980344606075
e6,main2a,phi-2,FastDetectGPT,0.9870695915846217,300,1000,0.9829658799364832,0.9909963566186606,1.0,0.004015238341088689,0.9827325255488695,0.9910935331081766,1.0,0.004180503779653566,0.9833657859756976,0.9902124115079584,0.003423312766130393,1.1729101649182323
e6,main2a,phi-2,Binoculars,0.9871668626786533,300,1000,0.9828701512232396,0.9912870150919301,1.0,0.004208431934345225,0.9825991450210727,0.9913626543030702,1.0,0.0043817546409987695,0.9830690661158504,0.991053682834388,0.003992308359268781,1.054134990493577
e6,main2a,phi-2,DMAP_position,0.9717433081674673,300,1000,0.9664177625387461,0.9786965469423291,1.0,0.006139392201791494,0.9656875372657129,0.9789758660667447,1.0,0.006644164400515906,0.9662871619395812,0.9782390796912808,0.005975958875849785,1.0273484689799623
e6,main2a,phi-2,DMAP_chi2,,300,1000,0.9250125221409318,0.9777458282220536,0.2715,0.026366653040560906,0.9226463027081285,0.9753918571121744,0.282,0.026372777202022912,0.9253854930110856,0.9777727426420464,0.026193624815480376,1.0066057380870124
e6,extA,pythia-2.8b,Likelihood,0.9060555488370218,300,1000,0.897285625504551,0.9129068974539576,1.0,0.007810635974703273,0.8966089460278112,0.9139908382885162,1.0,0.00869094613035254,0.8957907581660881,0.9134171289893588,0.008813185411635338,0.886244372482113
e6,extA,pythia-2.8b,LogRank,0.9053269284064666,300,1000,0.8971113805347046,0.9117477975605145,1.0,0.0073182085129049335,0.8962930177811992,0.9127884017234793,1.0,0.008247691971140059,0.8954852070557372,0.9122138612455684,0.00836432709491558,0.8749309334582873
e6,extA,pythia-2.8b,Entropy,0.859818680224812,300,1000,0.8475512372631814,0.8729553914554584,1.0,0.01270207709613852,0.8455401182890665,0.8739409356346731,1.0,0.01420040867280331,0.8476109700785961,0.8740612948841335,0.01322516240276872,0.960447721494846
e6,extA,pythia-2.8b,LRR,0.9021661671100933,300,1000,0.8934629007949128,0.9083475887826997,1.0,0.0074423439938934854,0.8935443777857083,0.9089802232105763,1.0,0.007717922712433989,0.8921601031388916,0.9087991736431312,0.008319535252119814,0.8945624687385247
e6,extA,pythia-2.8b,FastDetectGPT,0.9758822308809628,300,1000,0.9713514923083649,0.9809862772937966,1.0,0.004817392492715844,0.9713661760998061,0.9809980367886407,1.0,0.004815930344417296,0.9718250125135164,0.9808673371997187,0.004521162343101182,1.0655207946838445
e6,extA,pythia-2.8b,Binoculars,0.974916449338356,300,1000,0.9702437431490354,0.9804807078991292,1.0,0.005118482375046918,0.970249181762596,0.9804434172952702,1.0,0.005097117766337089,0.9708088895173288,0.9801164221591242,0.004653766320897701,1.0998580551976607
e6,extA,pythia-2.8b,DMAP_position,0.9578209548533647,300,1000,0.9507443403472614,0.9639856679585542,1.0,0.0066206638056464095,0.9501068552962842,0.9644342379406273,1.0,0.007163691322171539,0.9509971144092042,0.964101260709199,0.006552073149997395,1.0104685424107394
e6,extA,pythia-2.8b,DMAP_chi2,,300,1000,0.9338592260211549,0.9781168646978915,0.009,0.0221288193383683,0.9440482886097633,0.9796605709417797,0.018,0.017806141166008205,0.933680102184123,0.9798240915553594,0.023071994685618213,0.9591203378770785
