generator,domain,n_human,n_ai_per_temperature,fail_temp_observed_FDG,curvature_margin_dual_pred
Qwen2.5-3B,cmv,143,36,1.0077961019490256,1.0107997525448313
Qwen2.5-3B,eli5,143,41,0.9948137802607077,0.9983813721946475
Qwen2.5-3B,sci_gen,143,52,0.9732762312633833,0.9735277841315173
Qwen2.5-3B,squad,143,43,0.9672822822822822,0.9692753380903343
Qwen2.5-3B,wp,143,47,0.9882546036829464,0.9897203520091953
Qwen2.5-3B,xsum,142,45,0.9713361169102296,0.9847448717838772
Qwen2.5-3B,yelp,143,36,1.0011171171171172,1.0067618731762111
SmolLM2-1.7B,cmv,143,36,0.9844837758112094,0.983521538107828
SmolLM2-1.7B,eli5,143,41,0.9816542473919523,0.9843446820784295
SmolLM2-1.7B,sci_gen,143,52,0.9808068269976726,0.9765085613392794
SmolLM2-1.7B,squad,143,43,0.9544986807387863,0.9525570028640916
SmolLM2-1.7B,wp,143,47,0.9663130990415335,0.968284304425278
SmolLM2-1.7B,xsum,142,45,0.9487370600414078,0.9509602199808315
SmolLM2-1.7B,yelp,143,36,0.9750762970498474,0.9722753629041526
phi-2,cmv,143,36,0.9967135135135136,0.9983625061408342
phi-2,eli5,143,41,0.9983322923173017,0.9990498994600661
phi-2,sci_gen,143,52,0.9817826086956521,0.9807102279867496
phi-2,squad,143,43,0.9755489614243323,0.9793393669260451
phi-2,wp,143,47,1.001651148355059,1.009369509217724
phi-2,xsum,142,45,0.9610650887573964,0.9624548958778606
phi-2,yelp,143,36,0.9834215167548501,0.9850793220194635
