generator,temperature,n_ai,surprisal_margin,curvature_margin_self,curvature_margin_dual,AUROC_FDG,FDG_CI_low,FDG_CI_high,FDG_CI_half_width,TPR_1pct_FDG,FDG_TPR_CI_low,FDG_TPR_CI_high,FPR_realized_FDG,TPR_1pct_same_data_FDG,AUROC_Bino,Bino_CI_low,Bino_CI_high,Bino_CI_half_width,TPR_1pct_Bino,Bino_TPR_CI_low,Bino_TPR_CI_high,FPR_realized_Bino,TPR_1pct_same_data_Bino,TPR_1pct_GPT2XL_e1,AUROC_GPT2XL_e1
Qwen2.5-3B,0.6,300,1.1506811,0.5701043,0.7691267,0.9988766666666666,0.9975065833333333,0.9997000833333334,0.0010967500000000352,0.98,0.9633333333333334,0.9933333333333333,0.012,0.98,0.9993166666666666,0.9985262500000002,0.9998434166666668,0.0006585833333332958,0.99,0.9766666666666667,1.0,0.016,0.99,0.9133333333333332,0.98831
Qwen2.5-3B,0.8,300,0.5481725,0.33010653,0.53515136,0.9867900000000001,0.9800929166666666,0.99250725,0.0062071666666666525,0.8333333333333334,0.7933333333333333,0.8733333333333333,0.012,0.8333333333333334,0.9871066666666667,0.980297,0.9929034166666666,0.00630320833333331,0.8633333333333333,0.8233333333333334,0.8967499999999998,0.016,0.8533333333333334,0.6733333333333333,0.93784
Qwen2.5-3B,0.9,300,0.16873622,0.13901925,0.31967482,0.9128666666666666,0.8935909166666667,0.9317745000000001,0.01909179166666669,0.38666666666666666,0.3333333333333333,0.44333333333333336,0.012,0.38333333333333336,0.9056600000000001,0.8854219166666666,0.9241335833333334,0.019355833333333405,0.33,0.27666666666666667,0.38333333333333336,0.016,0.30333333333333334,0.18,0.7905533333333334
Qwen2.5-3B,0.92,300,-0.0062937737,0.0722672,0.24994555,0.8417333333333332,0.8145768333333334,0.866355,0.025889083333333285,0.27666666666666667,0.22333333333333333,0.32666666666666666,0.012,0.2733333333333333,0.8314233333333332,0.8048045,0.8571378333333333,0.026166666666666616,0.22666666666666666,0.18,0.2733333333333333,0.016,0.20666666666666667,0.0933333333333333,0.6960033333333333
Qwen2.5-3B,0.94,300,-0.10787201,0.0029639602,0.18991207,0.7772,0.7479308333333333,0.8056141666666666,0.028841666666666654,0.14333333333333334,0.10333333333333333,0.18333333333333332,0.012,0.14333333333333334,0.7642666666666666,0.73422625,0.7940905833333334,0.029932166666666704,0.13666666666666666,0.1,0.17666666666666667,0.016,0.13,0.0166666666666666,0.6065133333333333
Qwen2.5-3B,0.96,300,-0.24578357,-0.07011585,0.10509929,0.64617,0.60858125,0.6813501666666667,0.03638445833333337,0.11,0.07666666666666666,0.14666666666666667,0.012,0.11,0.6368799999999999,0.59945725,0.6725052499999999,0.036523999999999945,0.10333333333333333,0.07,0.14,0.016,0.1,0.0133333333333333,0.4632966666666667
Qwen2.5-3B,0.98,300,-0.34006786,-0.1291472,0.04582551,0.5332666666666667,0.4920420833333334,0.5728712499999999,0.04041458333333328,0.10666666666666667,0.07333333333333333,0.14,0.012,0.10666666666666667,0.5310966666666666,0.4906324166666667,0.5688417499999999,0.03910466666666662,0.10333333333333333,0.06666666666666667,0.13666666666666666,0.016,0.1,0.0166666666666666,0.35457
Qwen2.5-3B,1.0,300,-0.49734712,-0.2046444,-0.037714574,0.42439666666666664,0.38507658333333333,0.46920475000000006,0.04206408333333336,0.07666666666666666,0.05,0.10666666666666667,0.012,0.07333333333333333,0.42955,0.3875143333333333,0.47196,0.04222283333333335,0.07333333333333333,0.043333333333333335,0.10008333333333326,0.016,0.07,0.0033333333333333,0.2793433333333333
Qwen2.5-3B,1.02,300,-0.67851996,-0.31075257,-0.13324808,0.3074866666666667,0.268728,0.34921450000000004,0.04024325000000001,0.05333333333333334,0.03,0.08,0.012,0.05333333333333334,0.31385,0.27252166666666666,0.35148366666666664,0.03948099999999999,0.04,0.02,0.06333333333333334,0.016,0.03666666666666667,0.0033333333333333,0.1761566666666666
Qwen2.5-3B,1.04,300,-0.93094707,-0.40802374,-0.24473326,0.19527666666666668,0.1611641666666667,0.233617,0.03622641666666665,0.02,0.006666666666666667,0.03666666666666667,0.012,0.016666666666666666,0.20746333333333333,0.1761136666666667,0.24239033333333332,0.03313833333333331,0.023333333333333334,0.006666666666666667,0.043333333333333335,0.016,0.02,0.0033333333333333,0.0961166666666666
Qwen2.5-3B,1.06,300,-1.1645863,-0.5256661,-0.34875292,0.13954333333333332,0.111489,0.16834,0.028425499999999992,0.023333333333333334,0.01,0.043333333333333335,0.012,0.023333333333333334,0.14592,0.11486283333333333,0.1758151666666667,0.03047616666666668,0.02,0.006666666666666667,0.03666666666666667,0.016,0.02,0.0,0.06493
Qwen2.5-3B,1.1,300,-1.7908506,-0.82270944,-0.60528034,0.07670333333333335,0.052321083333333344,0.10393816666666668,0.025808541666666667,0.013333333333333334,0.0033333333333333335,0.02666666666666667,0.012,0.013333333333333334,0.07869000000000001,0.05674483333333334,0.10414516666666668,0.023700166666666668,0.013333333333333334,0.0033333333333333335,0.02666666666666667,0.016,0.013333333333333334,0.0,0.0223966666666666
Qwen2.5-3B,1.2,300,-3.63828,-1.5424902,-1.2028662,0.008463333333333331,0.000705916666666667,0.017904583333333328,0.00859933333333333,0.0,0.0,0.0,0.012,0.0,0.009383333333333334,0.0017594166666666667,0.01892058333333333,0.008580583333333332,0.0,0.0,0.0,0.016,0.0,0.0,0.0028033333333333
SmolLM2-1.7B,0.8,300,0.4345572,0.39298373,0.52710783,0.9853866666666666,0.9763075,0.9923375,0.008014999999999994,0.8733333333333333,0.8333333333333334,0.91,0.012,0.8733333333333333,0.9856166666666667,0.9757534166666665,0.9926169166666667,0.008431750000000127,0.88,0.84,0.9166666666666666,0.016,0.8466666666666667,0.7433333333333333,0.95349
SmolLM2-1.7B,0.9,300,-0.08716011,0.14385982,0.24481253,0.8620366666666668,0.836011,0.8884755833333333,0.026232291666666685,0.24666666666666667,0.20333333333333334,0.2966666666666667,0.012,0.24,0.8503966666666667,0.8254364166666666,0.8746917500000001,0.02462766666666677,0.16333333333333333,0.12333333333333334,0.20666666666666667,0.016,0.14,0.1866666666666666,0.78291
SmolLM2-1.7B,0.94,300,-0.31969714,0.018575564,0.117708445,0.6956166666666667,0.6604896666666666,0.7285159166666667,0.03401312500000003,0.06333333333333334,0.03666666666666667,0.09,0.012,0.06333333333333334,0.68293,0.6508515,0.7141501666666668,0.03164933333333336,0.04666666666666667,0.023333333333333334,0.07,0.016,0.03333333333333333,0.0333333333333333,0.56384
SmolLM2-1.7B,0.98,300,-0.61979365,-0.13884105,-0.038087025,0.44255000000000005,0.40547883333333334,0.48177691666666667,0.03814904166666666,0.0033333333333333335,0.0,0.01,0.012,0.0033333333333333335,0.44052,0.40181458333333336,0.47707075,0.03762808333333331,0.01,0.0,0.023333333333333334,0.016,0.01,0.0,0.3395966666666666
SmolLM2-1.7B,1.0,300,-0.8328371,-0.24132353,-0.14143327,0.28436,0.2529436666666667,0.31713125,0.03209379166666665,0.0,0.0,0.0,0.012,0.0,0.29077000000000003,0.26004225000000003,0.32454116666666666,0.032249458333333314,0.0,0.0,0.0,0.016,0.0,0.0,0.2148
SmolLM2-1.7B,1.04,300,-1.3434181,-0.5205665,-0.39261827,0.06482000000000002,0.04917308333333334,0.07985574999999999,0.015341333333333325,0.0,0.0,0.0,0.012,0.0,0.07521,0.05946516666666667,0.09159216666666666,0.01606349999999999,0.0,0.0,0.0,0.016,0.0,0.0,0.0448166666666666
SmolLM2-1.7B,1.1,300,-2.4057488,-1.0340949,-0.8286109,0.005613333333333334,0.0017196666666666677,0.010700000000000001,0.004490166666666667,0.0,0.0,0.0,0.012,0.0,0.007226666666666669,0.003212750000000001,0.013212499999999999,0.004999874999999999,0.0,0.0,0.0,0.016,0.0,0.0,0.00794
phi-2,0.8,300,0.65614307,0.41327578,0.61246943,0.9864133333333333,0.9754219166666667,0.99480125,0.009689666666666652,0.9133333333333333,0.8833333333333333,0.9433333333333334,0.016,0.9066666666666666,0.9865166666666667,0.9767075,0.9944775,0.008885000000000032,0.9166666666666666,0.8866666666666667,0.9466666666666667,0.016,0.9066666666666666,0.8,0.9234133333333332
phi-2,0.9,300,0.1773684,0.20557342,0.35169366,0.9251633333333333,0.9073856666666666,0.9420976666666666,0.017355999999999983,0.45666666666666667,0.4033333333333333,0.5166666666666667,0.016,0.41333333333333333,0.91827,0.8987417499999999,0.9352476666666667,0.018252958333333402,0.37666666666666665,0.32325,0.43008333333333326,0.016,0.37,0.3033333333333333,0.8396466666666668
phi-2,0.94,300,-0.04029274,0.09283368,0.22691225,0.7983133333333333,0.7674815000000001,0.8269551666666667,0.029736833333333268,0.25,0.2,0.3,0.016,0.22666666666666666,0.7881100000000001,0.7593530833333333,0.8169421666666667,0.02879454166666673,0.19666666666666666,0.15333333333333332,0.24333333333333335,0.016,0.19333333333333333,0.16,0.6889666666666667
phi-2,0.98,300,-0.3822577,-0.06562018,0.055919454,0.5629500000000001,0.5256749166666668,0.6028778333333333,0.03860145833333328,0.1,0.07,0.13666666666666666,0.016,0.08,0.5599233333333333,0.5200128333333334,0.6000106666666667,0.03999891666666666,0.09333333333333334,0.06,0.12666666666666668,0.016,0.09,0.07,0.4460216666666666
phi-2,1.0,300,-0.6261921,-0.1755233,-0.051127326,0.38486333333333334,0.34586425,0.42670633333333335,0.040421041666666685,0.09666666666666666,0.06333333333333334,0.13,0.016,0.08,0.39269999999999994,0.35472724999999994,0.4306538333333333,0.037963291666666676,0.08666666666666667,0.05333333333333334,0.11666666666666667,0.016,0.08,0.06,0.3054133333333333
phi-2,1.04,300,-0.9780402,-0.38208085,-0.2582566,0.19106333333333334,0.15773900000000002,0.22555141666666664,0.03390620833333331,0.056666666666666664,0.03,0.08333333333333333,0.016,0.05333333333333334,0.20028333333333337,0.16596441666666664,0.23566058333333334,0.03484808333333335,0.05,0.02666666666666667,0.07666666666666666,0.016,0.05,0.0266666666666666,0.1414733333333333
phi-2,1.1,300,-1.9017501,-0.84332097,-0.6589128,0.057286666666666666,0.03488558333333334,0.081226,0.023170208333333334,0.023333333333333334,0.006666666666666667,0.043333333333333335,0.016,0.02,0.05879166666666667,0.037880500000000004,0.08416754166666665,0.023143520833333323,0.02,0.006666666666666667,0.03666666666666667,0.016,0.02,0.01,0.0369666666666666
