setting,cutoff,n_temperatures,fail_temp_observed,K_error,mean_score_error,AUROC_probit_error
Qwen2.5-3B / GPT-2 XL,0.9,3,0.954874432677761,-0.08351661656434484,-0.0698488485940505,-0.13963156993318449
Qwen2.5-3B / GPT-2 XL,0.94,5,0.954874432677761,-0.04112346878762596,-0.0334902794136942,-0.06803440773845115
SmolLM2-1.7B / GPT-2 XL,0.9,2,0.9513876295096101,-0.01135006189834209,-0.008657943119289246,-0.03573828493788367
SmolLM2-1.7B / GPT-2 XL,0.94,3,0.9513876295096101,-0.002473892097305308,-0.000851682683987165,-0.01194842488550929
phi-2 / GPT-2 XL,0.9,2,0.971112666104125,-0.03430375929175555,-0.030759096520136642,-0.15695232528931424
phi-2 / GPT-2 XL,0.94,3,0.971112666104125,-0.022038105854015222,-0.020774881752651297,-0.0647086830149256
Qwen2.5-3B / self,0.9,3,1.0100299888276916,-0.2607340949407011,-0.1828336635354455,-0.4005285949367823
Qwen2.5-3B / self,0.94,5,1.0100299888276916,-0.16329555327825163,-0.11443944225888258,-0.2196122202613342
SmolLM2-1.7B / self,0.9,2,1.0053253189357874,-0.04907051881479929,-0.03550109734550344,-0.06051837564323992
SmolLM2-1.7B / self,0.94,3,1.0053253189357874,-0.03483737080884275,-0.024999472505212728,-0.03581865669013129
phi-2 / self,0.9,2,1.017307480376358,-0.10835515701809273,-0.07334938462524998,-0.19958620575906427
phi-2 / self,0.94,3,1.017307480376358,-0.07758462746224293,-0.05451447470010895,-0.11805688710636741
Qwen2.5-3B / Falcon,0.9,3,0.9861112641988916,-0.15355031011681142,-0.120466684016725,-0.18667656167004365
Qwen2.5-3B / Falcon,0.94,5,0.9861112641988916,-0.09382516140677022,-0.07259425968466982,-0.10215790780170253
SmolLM2-1.7B / Falcon,0.9,2,0.9709193888303477,-0.015802753518279977,-0.010036716245649613,-0.028953667822497975
SmolLM2-1.7B / Falcon,0.94,3,0.9709193888303477,-0.01116799543560787,-0.007307309182110422,-0.01659979574430326
phi-2 / Falcon,0.9,2,0.9870695915846217,-0.04779479925154706,-0.041054113894979594,-0.1004385819250655
phi-2 / Falcon,0.94,3,0.9870695915846217,-0.038581715936334415,-0.03406614408396624,-0.05196618788383267
pythia-2.8b / Falcon,0.9,2,0.9758822308809628,-0.026236995920749462,-0.018251680361828004,-0.032651091648139174
pythia-2.8b / Falcon,0.94,3,0.9758822308809628,-0.013158457869851259,-0.008718312737487688,-0.01809319492888173
