K,mean_score,median_score,AUROC_half
0.004397193576439473,0.004721629951108486,0.005979618840857248,0.004576493088208222
0.005663685846696398,0.005734932027558903,0.004935006690864041,0.004139294157941909
0.003983255379434669,0.003951747953942775,0.0049929211109294045,0.003568925067526929
0.006722676261296356,0.006918952932837485,0.005610027484759405,0.005580356318377611
0.004757832563583064,0.005301495365490671,0.005252478155425877,0.005245060083335307
0.0035095422212667706,0.0037850840348621516,0.004373332050526457,0.0028690139131768433
0.003960271716532149,0.003710346936756481,0.004439156140208111,0.003286229903863325
0.005105468723261642,0.005160978897991786,0.003930668243343205,0.0036997293569728806
0.0052347651964801956,0.005495394425113565,0.004991513344788956,0.00463126635949237
0.005544269746700414,0.00591815576480873,0.006977764464672265,0.00557977314978284
0.002281196179074463,0.0025228832494245458,0.0022740942903193505,0.002208908788755637
0.004516833652695573,0.0050991712559717685,0.004636900591636528,0.0041135908113786755
0.003693098017061991,0.003627868268622836,0.004626128021171261,0.00343171406506807
0.007175896831823925,0.007335487351137227,0.005885891021903189,0.005732046928308898
0.004968614799474547,0.005372730164738404,0.005865550516929807,0.005585113249462703
0.004875586852923474,0.0051590537982350694,0.004337972576651405,0.003920059425623323
0.003908504423407599,0.0035128322272031665,0.0025882476533191532,0.0016579024816017808
0.0042928689768686025,0.00414714262444098,0.004428327379805874,0.0034622925972411455
0.004639652525645443,0.00441367411912047,0.005128296325179871,0.004504187283205519
0.00718669770346998,0.007222490082508015,0.007215804248433688,0.006896783345310309
0.00522174462359355,0.005095174263773416,0.0049230112047392695,0.00485120681938187
0.0048149348578342185,0.0047852464217806754,0.0028917613111387186,0.0030496007069923834
0.0043008000463688025,0.0039325118378313985,0.005103791902942745,0.0038245852791581212
0.005420105470701075,0.005519417461365883,0.004755163889477776,0.004325554262540454
0.004690673793218825,0.004603579785430079,0.003852384621876548,0.004704028050469955
0.003582315793306623,0.003589873550428535,0.004434406587033956,0.0037454528340853275
0.005577980716563113,0.005896756159553684,0.004978895872273214,0.005099321140018487
0.004267558636792479,0.004111537716406577,0.004486164589140784,0.003996578325443733
0.004206496181861896,0.004348965638668001,0.004663892741051956,0.0037068680496701867
0.0039383452963991485,0.0037399093898820347,0.004850006303009214,0.00466863205465865
0.004041033973121966,0.004181211828731335,0.0055258268350062865,0.004721296913451578
0.006557877682661262,0.00679589601499514,0.006151126760584147,0.0054026825379333236
0.007175926946144084,0.007224553757864993,0.005316985386135853,0.00600462155883652
0.0018294926149887481,0.0018821600940504223,0.0035022476276827864,0.0022454838772408394
0.004794379731051446,0.004918348969904851,0.0033556329561224675,0.0032811053278179237
0.002843615126029664,0.0028703790878019664,0.0031732447866322675,0.0020879813504614984
0.005213011366963516,0.00460666263840116,0.0039204113286295025,0.0033847981310135113
0.004522893439800446,0.004913100866643117,0.0033663610826766945,0.00372903573229979
0.004577006790593063,0.004608141669677146,0.004400153722518163,0.00484866746820124
0.005585189141523639,0.005869789922143043,0.00561211965564169,0.005475972713272348
0.005186584744653189,0.005648379125433434,0.004859375986265934,0.005011525306470155
0.004302845031995883,0.004424180698271607,0.004179499407883258,0.004439777229563869
0.004437788003694021,0.0043163739453724315,0.004398337494088633,0.0036312149478811007
0.0037152782202553246,0.003984130968366662,0.0034770546325124663,0.0032601007209001167
0.007647233665369746,0.007685203592210821,0.00739520951112832,0.006720305455572717
0.00464157547400923,0.0047398134488355614,0.003933593707432214,0.004369163153132194
0.00512498354598766,0.005225987875124616,0.005395073670267892,0.004663156583471506
0.006231697130118707,0.006101414149413398,0.005032332445676446,0.00496050668114838
0.004227463052862102,0.004474924882664155,0.0037581288333939254,0.003896925964440323
0.003601599219627316,0.003875401659002553,0.004746732619159799,0.003524225971717676
0.003947456196989085,0.0039048203407036075,0.0028696276276871323,0.0029775392983487302
0.003452576100471838,0.00341958182512746,0.003745420918842712,0.0031719381304734728
0.0031945197400098714,0.0030374914955173305,0.0044879837792894395,0.003987702300526785
0.0050815000032929155,0.005153698412732099,0.004585668058528458,0.003862473586273496
0.004892882774580998,0.0048234156623569,0.003588601512418921,0.004107737833643576
0.0057101048464051505,0.005646434182888493,0.007231344492684422,0.006237168648934222
0.003752012547199346,0.0037745001638642027,0.004701586261824231,0.004305539781404355
0.003661310582371624,0.003896985163107769,0.004732203562081372,0.004073125829845381
0.003477983127724926,0.004134821839018532,0.0025240886826701668,0.002810717563894516
0.005565379786839198,0.0054464047077635415,0.005151739216963602,0.004082241979400469
0.005946950712855015,0.005591913492947753,0.0038804840484490287,0.0047501626467706505
0.004742624351915925,0.004884200562884755,0.004269563174997937,0.003707376365981452
0.0036469981157553955,0.004171138509288586,0.00431049455185174,0.0040498085184772934
0.0038913785662074707,0.0046771789042389985,0.003664472307193356,0.0035821950535795954
0.005344332521377016,0.005563518928161681,0.005956882332684088,0.005832635771003225
0.004466174223638075,0.004416963306373168,0.004921593208326247,0.004912264663880561
0.005627250202129952,0.005217109826567157,0.004087736878136938,0.004336962614759421
0.005299702035766629,0.005645398368832854,0.005736348044147832,0.0044419301839639935
0.004571734917248582,0.004011266832365279,0.005158351721388199,0.00410713189229982
0.00641537209566787,0.006595171481063733,0.006129474324027906,0.005868437325009568
0.0058199838690191075,0.005995622696743297,0.003921569867489383,0.0036806514690402524
0.0050911047129663985,0.004668181599829857,0.004301813996174564,0.004641690046668856
0.0056054325632079235,0.005287447430968562,0.004681246440268983,0.003437842468742169
0.0021773860378107466,0.002864451602016771,0.003627250949843308,0.002556307076032327
0.003087575612027127,0.0035575078060973266,0.005364406504409824,0.004985089679859755
0.004615820453859887,0.004422831636449687,0.003957295646155023,0.003725284790621042
0.0031721148004016262,0.0031850233252728065,0.0037691053879079115,0.003421424597291145
0.0046863205832092915,0.005037297218402214,0.003365348019136316,0.004037026439692415
0.005897786016596784,0.005581731873535079,0.004719487825012114,0.004566375051010374
0.004423637432667782,0.0044182181629069395,0.0037940892545970995,0.00300394196110223
0.004070525476605647,0.003841532612289089,0.004111775804281148,0.0038181179605390357
0.005729015593475062,0.005532790349236594,0.00580530505577993,0.00510488247410088
0.004367412630247846,0.004676439981372182,0.0041142693055116865,0.0033196578990849156
0.0049440595182267625,0.005781369630428889,0.0038312518840724176,0.003947273067953505
0.00490404752337259,0.005159944903604064,0.004548039055186715,0.0038047645226385817
0.006262671478048843,0.0064270050857596185,0.0053716368254860146,0.006122737733457673
0.00323009337290493,0.003316553246510601,0.0015487734160571475,0.0019583135302762567
0.004335297992367415,0.00472626796802218,0.0058889387783375045,0.0047045874180021265
0.0027682046844626053,0.0025836288849256594,0.00281545494388461,0.0024182753703438477
0.004365710097791686,0.004512665696948148,0.0034970577797284073,0.002827565587030445
0.003896079897490745,0.004147585100544593,0.005723441272058582,0.004822506409354788
0.004639461095560904,0.004496595369904277,0.00414864308247469,0.003363132752015363
0.006615064000619153,0.0069237756536408845,0.005666775158082682,0.005415293048286307
0.0060745525855509745,0.006023516759490133,0.005039965870586116,0.00426016682280077
0.003722475344789178,0.004109145280141635,0.004098786374972097,0.0044908204719932175
0.003651242702023694,0.004042443497710479,0.004547990498778132,0.0038279787461906302
0.0025273621445344617,0.0029466847094373415,0.0031649572417407844,0.003088310440401587
0.003001255223466881,0.003105153787885384,0.0033056634571662635,0.0029260926825025123
0.004287180116315703,0.00383897636705397,0.004143859935297756,0.0033320864963410244
0.005243512165485975,0.0050777548101652355,0.004868429395319817,0.004938546133811473
0.004022308851298506,0.004016795558307251,0.004984037792213114,0.00440491687931035
0.0037308002555684673,0.003539334355022283,0.003036998507484412,0.002277442474064273
0.004593369646778933,0.004363389599538625,0.0034917246842526284,0.003434199889657563
0.004861314943776562,0.00458073779647763,0.005754394926534701,0.004819756771866646
0.007021636008036136,0.006719604731660622,0.006168389795564932,0.0052264293424537644
0.004516531569762605,0.004280059329593433,0.0068760152141106425,0.004455750275186821
0.0037682284344562112,0.004092625987002596,0.0037559957640442175,0.0033120550524558755
0.00406055231647282,0.003927142113635795,0.0026081652789577527,0.0025561844009021283
0.006131811779832364,0.005994579894509533,0.006012901830254214,0.005450505587226628
0.005077546860616955,0.005101923190688406,0.00595868040008638,0.005312316490246038
0.005155142849404992,0.005113187291948496,0.005603712334920274,0.005176189087724059
0.004550216314759914,0.004591760517052323,0.00329848366981923,0.0032741202587983852
0.003757392700610629,0.004017892629048036,0.003485027698465759,0.002704419993062368
0.0027505149436955257,0.0031025320327620507,0.0031260353597812986,0.0026791161646943173
0.004470384114344195,0.00405527078583714,0.004089223785554308,0.003496131355669052
0.006553545686286711,0.006453629718017906,0.006739948724209488,0.006335009717762052
0.0051299284499671475,0.004990049951591724,0.005783945952761882,0.005168425940392241
0.004137489297624952,0.004670110766403857,0.0031848144001723534,0.0036530240501266853
0.003038826067778044,0.0030954939616120282,0.0031776924637815897,0.002775801698826896
0.004972404168527178,0.005408247561865665,0.006337375542813295,0.005571860723157162
0.0060089468586527525,0.005836401671735681,0.0059840805218247415,0.005288643227008671
0.002916165329514331,0.00312015953269319,0.0035418882073065317,0.0024818684597426644
0.005667571468593258,0.005587546422261747,0.0051765903869068096,0.0040912960990591605
0.003990375078057951,0.004384004807203923,0.005709303305412916,0.00532498346216892
0.00494357561198443,0.005411850527726758,0.005814028337830323,0.004766734904268122
0.004941063152188741,0.005538127737553222,0.004348934681065342,0.004175168152239029
0.0050909368028772325,0.005436109904481778,0.004881752942514817,0.004100438049658595
0.004657250993819117,0.004554809094164969,0.0035160082096476917,0.003797659825286037
0.00574765958778749,0.006375875038076928,0.004445862320414673,0.005394721788700751
0.0043222356726705935,0.0038970319938451126,0.005985484161158805,0.004649458846810761
0.003316726001075754,0.003723684466488708,0.00388302582511163,0.0027976487071776023
0.004647480041775454,0.004800092213199725,0.003498717457309719,0.0038621994875736145
0.00451805302979158,0.004626363965349512,0.004736009419843845,0.003996291751261383
0.004647531406846983,0.004754904174037034,0.004887933218854635,0.0042748405681592
0.004207733366790312,0.0047185381973075535,0.0037620200421926374,0.0038779109287916504
0.005142843396708707,0.005576562950298425,0.003389295807835824,0.0035817119968641897
0.0028906764438972553,0.0025140739262408895,0.003358320323386688,0.0032853175699971817
0.003384841238135905,0.0033660652709897043,0.00361078796328389,0.003273762729970353
0.004270771428001296,0.003758056397101639,0.004388412652592899,0.004251734658970596
0.003688538699267885,0.003760888235079718,0.00309115819444552,0.0027371940802382033
0.004398047210819278,0.004517102722277166,0.004404950537268526,0.003171017652765873
0.006293174879409358,0.006128759608176759,0.005711477809288679,0.006003511368295434
0.003939738125917902,0.004581040400371239,0.005160295773002444,0.004203531289940332
0.003340913056659356,0.003205255083445735,0.004550244224606315,0.0036443589402966547
0.0031246950396956797,0.003335485542863892,0.005453666310991856,0.0037850520729400426
0.0032905059796318414,0.0033446143946867955,0.003622850218615059,0.002472262775976264
0.005299944510791221,0.00580928334446631,0.003968605777279299,0.004042751547793477
0.003619209739405027,0.0041097884269389985,0.006165920242881606,0.004923053528907528
0.004587110677741424,0.0050036372312956545,0.0033354969000377157,0.0038755004637277546
0.004221036027950353,0.00427705619174471,0.004114825589990712,0.0036131118292098475
0.005265544903058939,0.005327473875895339,0.004298310833468188,0.004532353218897433
0.0028599786395360318,0.0029624560969245704,0.004476859769653641,0.003269587701022758
0.003978456353535964,0.003862375195991552,0.0030045587834566677,0.0032695867348932705
0.004727369320074537,0.004763260796292667,0.003364953809898852,0.003228558200313936
0.0040408353730954525,0.003909464745540802,0.004867136313928944,0.004033877852571211
0.004837036305242304,0.005160432569345052,0.00486898999484302,0.004942642787233486
0.003538962519518496,0.0037287348885230776,0.0037409553794977234,0.003024857193967745
0.005368046087508138,0.0062569844899991066,0.006475206682162305,0.006222274431258179
0.004574171999818943,0.004431058098693552,0.003922894126750986,0.003344966601795818
0.0065351816720188634,0.006403761387719598,0.0059961650586673465,0.006149330871339609
0.005164272738758047,0.005023389081061325,0.0051181295285654075,0.004625371008641366
0.002534588090037393,0.0023224194143181666,0.0031888583388501425,0.002278881956844214
0.00570781246289862,0.005562759158009833,0.005773382778326575,0.005176224140788022
0.004474448515517348,0.004745478424080529,0.004756891989318568,0.004089272638009078
0.002989036288980451,0.0027645652727093183,0.003613227103716066,0.002574968365798702
0.004965825254956546,0.004883783887518978,0.00471723727441965,0.004150748844509633
0.005599120926593548,0.005809404269926188,0.0056346455422742634,0.0048020634710765455
0.003491832470984313,0.003431821193500162,0.0041327473852091675,0.0031805261079272283
0.003797206739302739,0.003593695402070651,0.004744150604869402,0.003225902902319888
0.0055654684329946025,0.005748561675332065,0.007148102464296558,0.005981333359004725
0.005192403265174905,0.005510389344475408,0.006027930404712711,0.005903489379841365
0.00573514874709502,0.005217917730110955,0.004139329583349049,0.0037189181693488395
0.004119254779873927,0.0038450515284047747,0.004979855603755512,0.004466000555429927
0.006994005261243341,0.007563752926480383,0.0037101286109767705,0.0048392341169824936
0.005545987682959807,0.005619537245783857,0.005085209020216919,0.004389786746582969
0.004689663847252589,0.004510295232917616,0.004354083328347835,0.003679742619701998
0.004098568539182379,0.003979428307620436,0.004585019260594847,0.0031505683911621785
0.003794523211994705,0.0036818060179777735,0.0037895767963652127,0.0032875181122135723
0.0026834166483370335,0.0025349568192033155,0.0044997937399928415,0.004004627114958803
0.004778167400987865,0.004897407482769722,0.005632578677294142,0.005148219597494041
0.005640302705060029,0.005343357516979663,0.0039017826549300636,0.003960586888743445
0.005320786729132087,0.005247081238231877,0.004108213694680185,0.0035667277617990045
0.004424448186736674,0.00458157385235185,0.0037653607974129644,0.0031656892883143327
0.005210821842891134,0.005202059130483194,0.003616085153370274,0.0041443695702381485
0.005046363466588111,0.004809704872169663,0.004933454542275994,0.004550335746155665
0.003651825717620449,0.003936815306669927,0.0031692883521322822,0.0032655298624140404
0.005783352826753141,0.005475430953253801,0.0041598854907325955,0.004729249741559138
0.00609499947664025,0.006049867771477857,0.005477612922323083,0.005014580470390595
0.004305514355065998,0.004251163330288676,0.0041702578960735705,0.0035400962438375426
0.0043253930915922115,0.004452800313404492,0.0035583542786474685,0.0037975604589675525
0.003653309150617667,0.0039716503233354185,0.003992555388826457,0.0032190336642868855
0.005060435113495698,0.004790423327704518,0.006241809633056994,0.005915416396467465
0.006114315855904417,0.006326295888166533,0.00680037275871771,0.0057009515910073525
0.003084399003957028,0.0027953903593536666,0.004265842514271057,0.0040755835977502545
0.005201132725730107,0.005829364944508475,0.004747562834572172,0.005228099016414289
0.006336229625298129,0.006126149169836681,0.005787856755182896,0.005912027490316929
0.003977674044288537,0.0037576638206747058,0.004217623952585669,0.0034459379276405634
0.00438533627073554,0.0041643770327077665,0.004346495994498023,0.004124327432176655
0.004920243231371702,0.005187804381351602,0.003422903925720433,0.004100995917348593
0.003977067665358547,0.0034023762019606773,0.0034217582248296076,0.0029889971890178836
