generator,statistic,fail_temp_observed,own_margin_zero,own_margin_error,K_zero,K_error
Qwen2.5-3B,Likelihood,0.9182268538720193,0.9192808348396535,-0.001053980967634205,0.9909709040575926,-0.07274405018557328
Qwen2.5-3B,LogRank,0.9180767733774449,0.9189178149343964,-0.0008410415569515273,0.9909709040575926,-0.07289413068014772
Qwen2.5-3B,Entropy,0.9002243647504055,0.9054889794120885,-0.0052646146616830425,0.9909709040575926,-0.09074653930718712
Qwen2.5-3B,LRR,0.9172294687750492,0.919254060597572,-0.002024591822522792,0.9909709040575926,-0.0737414352825434
Qwen2.5-3B,FastDetectGPT,0.9861112641988916,0.9904861915916034,-0.004374927392711836,0.9909709040575926,-0.00485963985870097
Qwen2.5-3B,Binoculars,0.9861246060924369,0.9913013220703965,-0.005176715977959545,0.9909709040575926,-0.004846297965155677
Qwen2.5-3B,DMAP_position,0.9480769965001591,0.9457868386200361,0.0022901578801229894,0.9909709040575926,-0.0428939075574335
Qwen2.5-3B,DMAP_chi2,,0.9183172075940532,,0.9909709040575926,
SmolLM2-1.7B,Likelihood,0.8816671948704523,0.8832936134548252,-0.0016264185843728463,0.9702212752876376,-0.08855408041718527
SmolLM2-1.7B,LogRank,0.8823832113853823,0.8833626993325311,-0.0009794879471487494,0.9702212752876376,-0.08783806390225524
SmolLM2-1.7B,Entropy,0.808318401213941,0.815251018944496,-0.00693261773055498,0.9702212752876376,-0.16190287407369652
SmolLM2-1.7B,LRR,0.8842507899550973,0.8873153648172329,-0.0030645748621356272,0.9702212752876376,-0.08597048533254026
SmolLM2-1.7B,FastDetectGPT,0.9709193888303477,0.969899247998963,0.001020140831384686,0.9702212752876376,0.0006981135427100993
SmolLM2-1.7B,Binoculars,0.9701852233818736,0.9692500677316636,0.0009351556502100733,0.9702212752876376,-3.6051905763945236e-05
SmolLM2-1.7B,DMAP_position,0.9534259501965924,0.9540763200674782,-0.0006503698708858474,0.9702212752876376,-0.0167953250910452
SmolLM2-1.7B,DMAP_chi2,,,,0.9702212752876376,
phi-2,Likelihood,0.9265731962643204,0.9325953269502715,-0.006022130685951033,0.9904476663286834,-0.06387447006436298
phi-2,LogRank,0.9263742568302218,0.9299617244427775,-0.0035874676125556837,0.9904476663286834,-0.06407340949846163
phi-2,Entropy,0.8735505444568293,0.8895949634067719,-0.016044418949942574,0.9904476663286834,-0.11689712187185408
phi-2,LRR,0.9252276189287052,0.9338765716134482,-0.008648952684742972,0.9904476663286834,-0.06522004739997822
phi-2,FastDetectGPT,0.9870695915846217,0.9910085731233904,-0.003938981538768704,0.9904476663286834,-0.00337807474406171
phi-2,Binoculars,0.9871668626786533,0.9919508032719355,-0.004783940593282243,0.9904476663286834,-0.0032808036500301396
phi-2,DMAP_position,0.9717433081674673,0.9717023489533267,4.095921414060122e-05,0.9904476663286834,-0.018704358161216073
phi-2,DMAP_chi2,,,,0.9904476663286834,
pythia-2.8b,Likelihood,0.9060555488370218,0.9079681021343783,-0.0019125532973565118,0.9757204721027672,-0.06966492326574547
pythia-2.8b,LogRank,0.9053269284064666,0.905724981361527,-0.00039805295506045724,0.9757204721027672,-0.07039354369630069
pythia-2.8b,Entropy,0.859818680224812,0.8659324880777249,-0.006113807852912934,0.9757204721027672,-0.11590179187795524
pythia-2.8b,LRR,0.9021661671100933,0.9025734549834098,-0.0004072878733164531,0.9757204721027672,-0.0735543049926739
pythia-2.8b,FastDetectGPT,0.9758822308809628,0.9755836227252452,0.0002986081557175835,0.9757204721027672,0.00016175877819557538
pythia-2.8b,Binoculars,0.974916449338356,0.9745458079979132,0.00037064134044273445,0.9757204721027672,-0.0008040227644112719
pythia-2.8b,DMAP_position,0.9578209548533647,0.957860005225695,-3.905037233031816e-05,0.9757204721027672,-0.01789951724940253
pythia-2.8b,DMAP_chi2,,,,0.9757204721027672,
