setting,fail_temp_observed,K_zero,mean_score_zero,median_score_zero,K_error,mean_score_error,median_score_error,K_sign_disagreements,mean_score_sign_disagreements
Qwen2.5-3B / GPT-2 XL,0.954874432677761,0.9532317559043274,0.9529310756462301,0.9557885425388837,0.001642676773433549,0.0019433570315308124,-0.000914109861122725,0,0
SmolLM2-1.7B / GPT-2 XL,0.9513876295096101,0.948032421973734,0.9475869870613545,0.9531057682554688,0.003355207535876037,0.00380064244825562,-0.0017181387458586883,0,0
phi-2 / GPT-2 XL,0.971112666104125,0.9706268935266895,0.9722426041900943,0.9699388946433292,0.00048577257743553925,-0.0011299380859692842,0.0011737714607958916,0,0
Qwen2.5-3B / self,1.0100299888276916,1.013310843720459,1.0143424273530781,1.009764103235011,-0.0032808548927674153,-0.004312438525386542,0.0002658855926804815,0,0
SmolLM2-1.7B / self,1.0053253189357874,1.003841969918138,1.0047403141477906,1.0053628706350006,0.0014833490176493491,0.0005850047879967235,-3.75516992132674e-05,0,0
phi-2 / self,1.017307480376358,1.0154523826589272,1.016688668124328,1.0145025636233729,0.0018550977174307537,0.0006188122520300876,0.0028049167529851093,0,0
Qwen2.5-3B / Falcon,0.9861112641988916,0.9909709040575926,0.9904861915916034,0.9841784535315156,-0.00485963985870097,-0.004374927392711836,0.0019328106673760503,0,0
SmolLM2-1.7B / Falcon,0.9709193888303477,0.9702212752876376,0.969899247998963,0.9709428532312203,0.0006981135427100993,0.001020140831384686,-2.3464400872641455e-05,0,0
phi-2 / Falcon,0.9870695915846217,0.9904476663286834,0.9910085731233904,0.98548444566889,-0.00337807474406171,-0.003938981538768704,0.0015851459157316672,0,0
pythia-2.8b / Falcon,0.9758822308809628,0.9757204721027672,0.9755836227252452,0.9745878265026428,0.00016175877819557538,0.0002986081557175835,0.0012944043783200687,0,0
