method,within_blind_spot,cross_temperature
s location,0.7845,0.5337000000000001
s dispersion,0.7872,0.5834999999999999
s tails,0.8079999999999999,0.6767
s sequential,0.7871,0.6577
e location,0.7151000000000001,0.7057
e dispersion,0.7301,0.7030000000000001
e tails,0.7481,0.7397
e sequential,0.6909000000000001,0.6469
ds location,0.6389,0.6489000000000001
ds dispersion,0.7325999999999999,0.5455
ds tails,0.7587,0.5848
ds sequential,0.7374,0.5898
d location,0.7142999999999999,0.4395
d dispersion,0.8166000000000001,0.6957
d tails,0.6884,0.6944
d sequential,0.7978999999999999,0.6677
four-signal location,0.8006,0.6048
four-signal dispersion,0.8291,0.7478
four-signal tails,0.7815000000000001,0.6591
four-signal sequential,0.8151,0.7303000000000001
s dispersion+tails,0.8024,0.6504
s dispersion+tails+sequential,0.8045,0.6988
all,0.8019000000000001,0.7586999999999999
state-transition GJS,0.7718999999999999,0.7534
state-transition features,0.7528,0.5763999999999999
