dataset,generator,method,fail_temp,CI_low,CI_high,share_bootstrap_crossing,monotone_decreasing,AUROC_lowest_temp,AUROC_highest_temp,CI_half_width
main2a,Qwen2.5-3B,Likelihood,0.9182268538720193,0.9135892011448532,0.9251573888159915,1.0,yes,0.9740466666666666,0.009003333333333335,0.00578409383556916
main2a,Qwen2.5-3B,LogRank,0.9180767733774449,0.9137612423836996,0.9250407084171482,1.0,yes,0.9794066666666666,0.007910000000000002,0.005639733016724324
main2a,Qwen2.5-3B,Entropy,0.9002243647504055,0.8777835199550099,0.908439966484174,1.0,no,0.16794333333333336,0.9709166666666667,0.015328223264582053
main2a,Qwen2.5-3B,LRR,0.9172294687750492,0.9126884816555387,0.9240939316369527,1.0,yes,0.9788166666666667,0.003913333333333334,0.005702724990707009
main2a,Qwen2.5-3B,FastDetectGPT,0.9861112641988916,0.9787145938059272,0.9921318152976037,1.0,yes,0.9988766666666666,0.008463333333333331,0.006708610745838284
main2a,Qwen2.5-3B,Binoculars,0.9861246060924369,0.9782536190422803,0.9919257534949629,1.0,yes,0.9993166666666666,0.009383333333333334,0.006836067226341336
main2a,Qwen2.5-3B,DMAP_position,0.9480769965001591,0.9406462246141423,0.9538376695702261,1.0,yes,0.9535100000000001,0.002023333333333334,0.00659572247804191
main2a,Qwen2.5-3B,DMAP_chi2,,0.8957064501224408,0.9583301084195254,0.545,no,0.8639266666666668,0.9915833333333333,0.0313118291485423
main2a,SmolLM2-1.7B,Likelihood,0.8816671948704523,0.8739716151590594,0.8912371972196541,1.0,yes,0.7963416666666667,0.011340000000000003,0.008632791030297349
main2a,SmolLM2-1.7B,LogRank,0.8823832113853823,0.8740684395842152,0.8914273472833428,1.0,yes,0.80738,0.01099666666666667,0.008679453849563812
main2a,SmolLM2-1.7B,Entropy,0.808318401213941,0.8011000845337594,0.824727342570366,0.818,no,0.48282333333333327,0.9656199999999999,0.011813629018303295
main2a,SmolLM2-1.7B,LRR,0.8842507899550973,0.876181598357112,0.8940884961511765,1.0,yes,0.8039599999999999,0.012383333333333336,0.008953448897032257
main2a,SmolLM2-1.7B,FastDetectGPT,0.9709193888303477,0.965976479003104,0.9764116118353261,1.0,yes,0.9853866666666666,0.005613333333333334,0.005217566416111041
main2a,SmolLM2-1.7B,Binoculars,0.9701852233818736,0.9654838539050199,0.9760603374354404,1.0,yes,0.9856166666666667,0.007226666666666669,0.005288241765210255
main2a,SmolLM2-1.7B,DMAP_position,0.9534259501965924,0.9467319790231077,0.9589119552675992,1.0,yes,0.9345066666666666,0.014140000000000002,0.00608998812224576
main2a,SmolLM2-1.7B,DMAP_chi2,,0.8943885318580312,0.9780427762951368,0.19,no,0.69674,0.9308033333333334,0.04182712221855278
main2a,phi-2,Likelihood,0.9265731962643204,0.9186437948571015,0.9364034373682623,1.0,yes,0.8830600000000001,0.047746666666666666,0.0088798212555804
main2a,phi-2,LogRank,0.9263742568302218,0.9178840283936058,0.9370222291947274,1.0,yes,0.8938566666666666,0.04466333333333333,0.009569100400560804
main2a,phi-2,Entropy,0.8735505444568293,0.8579886477484058,0.8948579082677067,1.0,no,0.35703,0.9149466666666667,0.018434630259650475
main2a,phi-2,LRR,0.9252276189287052,0.9162990059803149,0.9366500338291083,1.0,yes,0.8856333333333334,0.03793666666666667,0.010175513924396695
main2a,phi-2,FastDetectGPT,0.9870695915846217,0.9833657859756977,0.9902124115079584,1.0,yes,0.9864133333333333,0.057286666666666666,0.0034233127661303375
main2a,phi-2,Binoculars,0.9871668626786533,0.9830690661158504,0.991053682834388,1.0,yes,0.9865166666666667,0.05879166666666667,0.003992308359268781
main2a,phi-2,DMAP_position,0.9717433081674673,0.9662871619395813,0.9782390796912807,1.0,yes,0.9323633333333332,0.03982666666666668,0.005975958875849674
main2a,phi-2,DMAP_chi2,,0.9253854930110856,0.9777727426420465,0.342,no,0.7397333333333332,0.85971,0.026193624815480432
extA,pythia-2.8b,Likelihood,0.9060555488370218,0.8957907581660881,0.9134171289893589,1.0,yes,0.85954,0.028220000000000002,0.008813185411635394
extA,pythia-2.8b,LogRank,0.9053269284064666,0.8954852070557372,0.9122138612455685,1.0,yes,0.8714500000000001,0.023363333333333333,0.008364327094915636
extA,pythia-2.8b,Entropy,0.859818680224812,0.8476109700785961,0.8740612948841335,1.0,no,0.36979666666666666,0.9315199999999999,0.01322516240276872
extA,pythia-2.8b,LRR,0.9021661671100933,0.8921601031388916,0.9087991736431311,1.0,yes,0.8704033333333334,0.015610000000000002,0.008319535252119759
extA,pythia-2.8b,FastDetectGPT,0.9758822308809628,0.9718250125135165,0.9808673371997189,1.0,yes,0.9915033333333333,0.005440000000000001,0.004521162343101182
extA,pythia-2.8b,Binoculars,0.974916449338356,0.9708088895173288,0.9801164221591242,1.0,yes,0.9913766666666667,0.007726666666666672,0.004653766320897701
extA,pythia-2.8b,DMAP_position,0.9578209548533647,0.9509971144092042,0.964101260709199,1.0,yes,0.9472266666666667,0.01815,0.006552073149997395
extA,pythia-2.8b,DMAP_chi2,,0.933680102184123,0.9798240915553594,0.033,no,0.7519233333333335,0.9271333333333334,0.023071994685618213
