dataset,generator,method,domain,fail_temp
extA,pythia-2.8b,Binoculars,arxiv,0.9730673575129534
extA,pythia-2.8b,Binoculars,outfox,0.9871544715447155
extA,pythia-2.8b,Binoculars,peerread,0.9670457079152731
extA,pythia-2.8b,Binoculars,reddit,0.9703345070422535
extA,pythia-2.8b,Binoculars,wikihow,0.9867640692640692
extA,pythia-2.8b,Binoculars,wikipedia,0.9541379310344827
extA,pythia-2.8b,DMAP_chi2,arxiv,0.9211904761904761
extA,pythia-2.8b,DMAP_chi2,outfox,
extA,pythia-2.8b,DMAP_chi2,peerread,0.95894523326572
extA,pythia-2.8b,DMAP_chi2,reddit,
extA,pythia-2.8b,DMAP_chi2,wikihow,
extA,pythia-2.8b,DMAP_chi2,wikipedia,
extA,pythia-2.8b,DMAP_position,arxiv,0.9632412247946228
extA,pythia-2.8b,DMAP_position,outfox,0.961743264659271
extA,pythia-2.8b,DMAP_position,peerread,0.9776366843033509
extA,pythia-2.8b,DMAP_position,reddit,0.9641937259218492
extA,pythia-2.8b,DMAP_position,wikihow,0.9320244150559511
extA,pythia-2.8b,DMAP_position,wikipedia,0.9435480673934589
extA,pythia-2.8b,Entropy,arxiv,0.9276923076923077
extA,pythia-2.8b,Entropy,outfox,0.8232525629077354
extA,pythia-2.8b,Entropy,peerread,0.8781018289668809
extA,pythia-2.8b,Entropy,reddit,0.8128024637043555
extA,pythia-2.8b,Entropy,wikihow,0.8613158937772494
extA,pythia-2.8b,Entropy,wikipedia,0.8868333333333334
extA,pythia-2.8b,FastDetectGPT,arxiv,0.9730994764397906
extA,pythia-2.8b,FastDetectGPT,outfox,0.9871169686985173
extA,pythia-2.8b,FastDetectGPT,peerread,0.9689189189189189
extA,pythia-2.8b,FastDetectGPT,reddit,0.9724311183144246
extA,pythia-2.8b,FastDetectGPT,wikihow,0.9873607496095783
extA,pythia-2.8b,FastDetectGPT,wikipedia,0.9543882244710211
extA,pythia-2.8b,LRR,arxiv,0.928927424534361
extA,pythia-2.8b,LRR,outfox,0.8789858860428647
extA,pythia-2.8b,LRR,peerread,0.9217940199335548
extA,pythia-2.8b,LRR,reddit,0.8877499295972966
extA,pythia-2.8b,LRR,wikihow,0.8856174476864133
extA,pythia-2.8b,LRR,wikipedia,0.8973738202708248
extA,pythia-2.8b,Likelihood,arxiv,0.9364771460423633
extA,pythia-2.8b,Likelihood,outfox,0.8979761904761905
extA,pythia-2.8b,Likelihood,peerread,0.9432514450867051
extA,pythia-2.8b,Likelihood,reddit,0.8773038441284887
extA,pythia-2.8b,Likelihood,wikihow,0.8912926391382406
extA,pythia-2.8b,Likelihood,wikipedia,0.9040346534653465
extA,pythia-2.8b,LogRank,arxiv,0.9337692307692307
extA,pythia-2.8b,LogRank,outfox,0.8934987168520103
extA,pythia-2.8b,LogRank,peerread,0.9374540682414697
extA,pythia-2.8b,LogRank,reddit,0.8808493801107887
extA,pythia-2.8b,LogRank,wikihow,0.8901858304297329
extA,pythia-2.8b,LogRank,wikipedia,0.9037827943868212
main2a,Qwen2.5-3B,Binoculars,cmv,1.007581120943953
main2a,Qwen2.5-3B,Binoculars,eli5,0.9956394763343404
main2a,Qwen2.5-3B,Binoculars,sci_gen,0.9729041697147037
main2a,Qwen2.5-3B,Binoculars,squad,0.9666923076923076
main2a,Qwen2.5-3B,Binoculars,wp,0.9871847246891652
main2a,Qwen2.5-3B,Binoculars,xsum,0.9722093023255813
main2a,Qwen2.5-3B,Binoculars,yelp,1.0017692307692307
main2a,Qwen2.5-3B,DMAP_chi2,cmv,
main2a,Qwen2.5-3B,DMAP_chi2,eli5,0.9126771653543307
main2a,Qwen2.5-3B,DMAP_chi2,sci_gen,
main2a,Qwen2.5-3B,DMAP_chi2,squad,0.781160572337043
main2a,Qwen2.5-3B,DMAP_chi2,wp,0.9190376569037657
main2a,Qwen2.5-3B,DMAP_chi2,xsum,0.9219318181818182
main2a,Qwen2.5-3B,DMAP_chi2,yelp,0.8876595744680851
main2a,Qwen2.5-3B,DMAP_position,cmv,0.9552747252747252
main2a,Qwen2.5-3B,DMAP_position,eli5,0.9744282238442822
main2a,Qwen2.5-3B,DMAP_position,sci_gen,0.9704716073147257
main2a,Qwen2.5-3B,DMAP_position,squad,0.9326073131955485
main2a,Qwen2.5-3B,DMAP_position,wp,0.9539289940828402
main2a,Qwen2.5-3B,DMAP_position,xsum,0.9116542473919523
main2a,Qwen2.5-3B,DMAP_position,yelp,0.9191140939597315
main2a,Qwen2.5-3B,Entropy,cmv,0.8593724194880265
main2a,Qwen2.5-3B,Entropy,eli5,0.9291815856777493
main2a,Qwen2.5-3B,Entropy,sci_gen,0.9116692189892803
main2a,Qwen2.5-3B,Entropy,squad,0.8780084745762712
main2a,Qwen2.5-3B,Entropy,wp,0.9058602846054334
main2a,Qwen2.5-3B,Entropy,xsum,0.7461465271170313
main2a,Qwen2.5-3B,Entropy,yelp,0.916256157635468
main2a,Qwen2.5-3B,FastDetectGPT,cmv,1.0077961019490256
main2a,Qwen2.5-3B,FastDetectGPT,eli5,0.9948137802607077
main2a,Qwen2.5-3B,FastDetectGPT,sci_gen,0.9732762312633833
main2a,Qwen2.5-3B,FastDetectGPT,squad,0.9672822822822822
main2a,Qwen2.5-3B,FastDetectGPT,wp,0.9882546036829464
main2a,Qwen2.5-3B,FastDetectGPT,xsum,0.9713361169102296
main2a,Qwen2.5-3B,FastDetectGPT,yelp,1.0011171171171172
main2a,Qwen2.5-3B,LRR,cmv,0.9112068965517242
main2a,Qwen2.5-3B,LRR,eli5,0.9437764705882352
main2a,Qwen2.5-3B,LRR,sci_gen,0.931145703611457
main2a,Qwen2.5-3B,LRR,squad,0.8872560615020698
main2a,Qwen2.5-3B,LRR,wp,0.9446975425330812
main2a,Qwen2.5-3B,LRR,xsum,0.8618794326241135
main2a,Qwen2.5-3B,LRR,yelp,0.9140835266821346
main2a,Qwen2.5-3B,Likelihood,cmv,0.92
main2a,Qwen2.5-3B,Likelihood,eli5,0.9502941176470587
main2a,Qwen2.5-3B,Likelihood,sci_gen,0.9350038910505837
main2a,Qwen2.5-3B,Likelihood,squad,0.9001642335766423
main2a,Qwen2.5-3B,Likelihood,wp,0.9291
main2a,Qwen2.5-3B,Likelihood,xsum,0.8518460738429537
main2a,Qwen2.5-3B,Likelihood,yelp,0.9147836257309941
main2a,Qwen2.5-3B,LogRank,cmv,0.9155555555555556
main2a,Qwen2.5-3B,LogRank,eli5,0.9488388969521044
main2a,Qwen2.5-3B,LogRank,sci_gen,0.9336666666666666
main2a,Qwen2.5-3B,LogRank,squad,0.8952642595499738
main2a,Qwen2.5-3B,LogRank,wp,0.936377245508982
main2a,Qwen2.5-3B,LogRank,xsum,0.8534942182001006
main2a,Qwen2.5-3B,LogRank,yelp,0.9146824542518838
main2a,SmolLM2-1.7B,Binoculars,cmv,0.9838255547054323
main2a,SmolLM2-1.7B,Binoculars,eli5,0.9819515885022693
main2a,SmolLM2-1.7B,Binoculars,sci_gen,0.9795103092783505
main2a,SmolLM2-1.7B,Binoculars,squad,0.9546033898305084
main2a,SmolLM2-1.7B,Binoculars,wp,0.9628629579375848
main2a,SmolLM2-1.7B,Binoculars,xsum,0.9472644203312393
main2a,SmolLM2-1.7B,Binoculars,yelp,0.973756727664155
main2a,SmolLM2-1.7B,DMAP_chi2,cmv,
main2a,SmolLM2-1.7B,DMAP_chi2,eli5,
main2a,SmolLM2-1.7B,DMAP_chi2,sci_gen,0.9595986622073578
main2a,SmolLM2-1.7B,DMAP_chi2,squad,0.9063247863247863
main2a,SmolLM2-1.7B,DMAP_chi2,wp,0.9544559585492227
main2a,SmolLM2-1.7B,DMAP_chi2,xsum,0.8829896907216495
main2a,SmolLM2-1.7B,DMAP_chi2,yelp,0.8946911196911197
main2a,SmolLM2-1.7B,DMAP_position,cmv,0.9753344768439107
main2a,SmolLM2-1.7B,DMAP_position,eli5,0.9715688775510204
main2a,SmolLM2-1.7B,DMAP_position,sci_gen,0.9739457567804024
main2a,SmolLM2-1.7B,DMAP_position,squad,0.9467946577629381
main2a,SmolLM2-1.7B,DMAP_position,wp,0.9510665712240515
main2a,SmolLM2-1.7B,DMAP_position,xsum,0.8928293889085129
main2a,SmolLM2-1.7B,DMAP_position,yelp,0.9443907351460221
main2a,SmolLM2-1.7B,Entropy,cmv,
main2a,SmolLM2-1.7B,Entropy,eli5,0.8693289569657184
main2a,SmolLM2-1.7B,Entropy,sci_gen,0.8324510322922182
main2a,SmolLM2-1.7B,Entropy,squad,0.817598842815815
main2a,SmolLM2-1.7B,Entropy,wp,0.8471631205673759
main2a,SmolLM2-1.7B,Entropy,xsum,
main2a,SmolLM2-1.7B,Entropy,yelp,
main2a,SmolLM2-1.7B,FastDetectGPT,cmv,0.9844837758112094
main2a,SmolLM2-1.7B,FastDetectGPT,eli5,0.9816542473919523
main2a,SmolLM2-1.7B,FastDetectGPT,sci_gen,0.9808068269976726
main2a,SmolLM2-1.7B,FastDetectGPT,squad,0.9544986807387863
main2a,SmolLM2-1.7B,FastDetectGPT,wp,0.9663130990415335
main2a,SmolLM2-1.7B,FastDetectGPT,xsum,0.9487370600414078
main2a,SmolLM2-1.7B,FastDetectGPT,yelp,0.9750762970498474
main2a,SmolLM2-1.7B,LRR,cmv,0.8950279676817899
main2a,SmolLM2-1.7B,LRR,eli5,0.9111144806671722
main2a,SmolLM2-1.7B,LRR,sci_gen,0.913733493397359
main2a,SmolLM2-1.7B,LRR,squad,0.8923270728355475
main2a,SmolLM2-1.7B,LRR,wp,0.9065543386689132
main2a,SmolLM2-1.7B,LRR,xsum,0.8212307692307692
main2a,SmolLM2-1.7B,LRR,yelp,0.8635942028985508
main2a,SmolLM2-1.7B,Likelihood,cmv,0.889795918367347
main2a,SmolLM2-1.7B,Likelihood,eli5,0.9218468468468468
main2a,SmolLM2-1.7B,Likelihood,sci_gen,0.9031072210065646
main2a,SmolLM2-1.7B,Likelihood,squad,0.8859924917878931
main2a,SmolLM2-1.7B,Likelihood,wp,0.900359937402191
main2a,SmolLM2-1.7B,Likelihood,xsum,0.8038813781072831
main2a,SmolLM2-1.7B,Likelihood,yelp,0.8598594847775176
main2a,SmolLM2-1.7B,LogRank,cmv,0.8932702418506835
main2a,SmolLM2-1.7B,LogRank,eli5,0.9194838709677419
main2a,SmolLM2-1.7B,LogRank,sci_gen,0.9053567508232712
main2a,SmolLM2-1.7B,LogRank,squad,0.8886687444345504
main2a,SmolLM2-1.7B,LogRank,wp,0.9011914217633042
main2a,SmolLM2-1.7B,LogRank,xsum,0.8090650406504065
main2a,SmolLM2-1.7B,LogRank,yelp,0.8594174757281554
main2a,phi-2,Binoculars,cmv,0.9973515981735159
main2a,phi-2,Binoculars,eli5,0.9994625850340136
main2a,phi-2,Binoculars,sci_gen,0.9814604150653343
main2a,phi-2,Binoculars,squad,0.9750568521843207
main2a,phi-2,Binoculars,wp,1.0016298168035376
main2a,phi-2,Binoculars,xsum,0.960260078023407
main2a,phi-2,Binoculars,yelp,0.9840727272727272
main2a,phi-2,DMAP_chi2,cmv,
main2a,phi-2,DMAP_chi2,eli5,0.9369407894736842
main2a,phi-2,DMAP_chi2,sci_gen,0.9685714285714285
main2a,phi-2,DMAP_chi2,squad,0.8838062622309197
main2a,phi-2,DMAP_chi2,wp,
main2a,phi-2,DMAP_chi2,xsum,0.9033426183844011
main2a,phi-2,DMAP_chi2,yelp,
main2a,phi-2,DMAP_position,cmv,0.9907936507936508
main2a,phi-2,DMAP_position,eli5,0.9942467248908297
main2a,phi-2,DMAP_position,sci_gen,0.9689527943570265
main2a,phi-2,DMAP_position,squad,0.964275755228505
main2a,phi-2,DMAP_position,wp,0.9893694829760403
main2a,phi-2,DMAP_position,xsum,0.9245753899480069
main2a,phi-2,DMAP_position,yelp,0.9599044585987261
main2a,phi-2,Entropy,cmv,0.8373268698060943
main2a,phi-2,Entropy,eli5,0.8873168851195066
main2a,phi-2,Entropy,sci_gen,0.884338747099768
main2a,phi-2,Entropy,squad,0.9207342657342658
main2a,phi-2,Entropy,wp,0.9498221191028615
main2a,phi-2,Entropy,xsum,
main2a,phi-2,Entropy,yelp,0.8314946619217082
main2a,phi-2,FastDetectGPT,cmv,0.9967135135135136
main2a,phi-2,FastDetectGPT,eli5,0.9983322923173017
main2a,phi-2,FastDetectGPT,sci_gen,0.9817826086956521
main2a,phi-2,FastDetectGPT,squad,0.9755489614243323
main2a,phi-2,FastDetectGPT,wp,1.001651148355059
main2a,phi-2,FastDetectGPT,xsum,0.9610650887573964
main2a,phi-2,FastDetectGPT,yelp,0.9834215167548501
main2a,phi-2,LRR,cmv,0.9146830265848671
main2a,phi-2,LRR,eli5,0.9578847457627119
main2a,phi-2,LRR,sci_gen,0.9283333333333333
main2a,phi-2,LRR,squad,0.9340487804878048
main2a,phi-2,LRR,wp,0.962722305017387
main2a,phi-2,LRR,xsum,0.8496365524402908
main2a,phi-2,LRR,yelp,0.9049285714285714
main2a,phi-2,Likelihood,cmv,0.9169873663751215
main2a,phi-2,Likelihood,eli5,0.9656982456140351
main2a,phi-2,Likelihood,sci_gen,0.9259058487874465
main2a,phi-2,Likelihood,squad,0.9375555555555555
main2a,phi-2,Likelihood,wp,0.9613566507684155
main2a,phi-2,Likelihood,xsum,0.8548993288590604
main2a,phi-2,Likelihood,yelp,0.9088736027515047
main2a,phi-2,LogRank,cmv,0.9178172138420585
main2a,phi-2,LogRank,eli5,0.9634156378600822
main2a,phi-2,LogRank,sci_gen,0.9257454545454545
main2a,phi-2,LogRank,squad,0.9381727158948685
main2a,phi-2,LogRank,wp,0.9615121698601761
main2a,phi-2,LogRank,xsum,0.8553748870822042
main2a,phi-2,LogRank,yelp,0.907710843373494
