dataset,generator,method,temperature,n_ai,AUROC,CI_low,CI_high,TPR_1pct,TPR_CI_low,TPR_CI_high,FPR_realized
main2a,Qwen2.5-3B,Likelihood,0.6,300,0.9740466666666666,0.9629329999999999,0.9816402500000001,0.7366666666666667,0.6899166666666666,0.7866666666666666,0.012
main2a,Qwen2.5-3B,Likelihood,0.8,300,0.84812,0.8227930833333333,0.8725791666666667,0.14,0.10333333333333333,0.18333333333333332,0.012
main2a,Qwen2.5-3B,Likelihood,0.9,300,0.61835,0.5829833333333333,0.6567558333333333,0.04666666666666667,0.023333333333333334,0.07333333333333333,0.012
main2a,Qwen2.5-3B,Likelihood,0.92,300,0.4884866666666667,0.45303,0.5242506666666666,0.023333333333333334,0.006666666666666667,0.04,0.012
main2a,Qwen2.5-3B,Likelihood,0.94,300,0.41474333333333335,0.3792980833333333,0.45080725,0.013333333333333334,0.0033333333333333335,0.02666666666666667,0.012
main2a,Qwen2.5-3B,Likelihood,0.96,300,0.3302366666666667,0.29473208333333334,0.3653240833333333,0.01,0.0,0.023333333333333334,0.012
main2a,Qwen2.5-3B,Likelihood,0.98,300,0.27969,0.2448091666666667,0.3149679166666666,0.016666666666666666,0.0033333333333333335,0.03333333333333333,0.012
main2a,Qwen2.5-3B,Likelihood,1.0,300,0.23697333333333334,0.20381225,0.2705380833333334,0.0033333333333333335,0.0,0.01,0.012
main2a,Qwen2.5-3B,Likelihood,1.02,300,0.17783000000000002,0.14779991666666667,0.20806000000000002,0.006666666666666667,0.0,0.016666666666666666,0.012
main2a,Qwen2.5-3B,Likelihood,1.04,300,0.11321333333333333,0.09054041666666669,0.13955175,0.006666666666666667,0.0,0.016666666666666666,0.012
main2a,Qwen2.5-3B,Likelihood,1.06,300,0.08613000000000001,0.06292841666666667,0.10915708333333335,0.0033333333333333335,0.0,0.01,0.012
main2a,Qwen2.5-3B,Likelihood,1.1,300,0.040740000000000005,0.026530666666666668,0.055793666666666665,0.0,0.0,0.0,0.012
main2a,Qwen2.5-3B,Likelihood,1.2,300,0.009003333333333335,0.0014865833333333341,0.018654833333333332,0.0,0.0,0.0,0.012
main2a,Qwen2.5-3B,LogRank,0.6,300,0.9794066666666666,0.9705765833333333,0.9868418333333333,0.8033333333333333,0.7566666666666667,0.8467499999999999,0.006
main2a,Qwen2.5-3B,LogRank,0.8,300,0.8571733333333335,0.8321011666666668,0.8803092500000002,0.16666666666666666,0.12666666666666668,0.21,0.006
main2a,Qwen2.5-3B,LogRank,0.9,300,0.62385,0.587726,0.6592962499999999,0.04666666666666667,0.023333333333333334,0.07333333333333333,0.006
main2a,Qwen2.5-3B,LogRank,0.92,300,0.48682333333333333,0.44879566666666676,0.524759,0.02,0.006666666666666667,0.03666666666666667,0.006
main2a,Qwen2.5-3B,LogRank,0.94,300,0.41078666666666663,0.3765485833333334,0.44615550000000004,0.013333333333333334,0.0033333333333333335,0.02666666666666667,0.006
main2a,Qwen2.5-3B,LogRank,0.96,300,0.32108666666666663,0.2860655833333333,0.35713083333333334,0.006666666666666667,0.0,0.016666666666666666,0.006
main2a,Qwen2.5-3B,LogRank,0.98,300,0.2710033333333333,0.2378235833333333,0.3044865833333333,0.006666666666666667,0.0,0.016666666666666666,0.006
main2a,Qwen2.5-3B,LogRank,1.0,300,0.23104666666666668,0.197056,0.2645544166666667,0.0033333333333333335,0.0,0.01,0.006
main2a,Qwen2.5-3B,LogRank,1.02,300,0.17210999999999999,0.14259308333333334,0.19969,0.006666666666666667,0.0,0.016666666666666666,0.006
main2a,Qwen2.5-3B,LogRank,1.04,300,0.10668333333333332,0.08086083333333334,0.13134225000000002,0.0033333333333333335,0.0,0.01,0.006
main2a,Qwen2.5-3B,LogRank,1.06,300,0.08169666666666667,0.06098808333333334,0.10514091666666667,0.0,0.0,0.0,0.006
main2a,Qwen2.5-3B,LogRank,1.1,300,0.03592333333333334,0.023036750000000005,0.04993966666666666,0.0,0.0,0.0,0.006
main2a,Qwen2.5-3B,LogRank,1.2,300,0.007910000000000002,0.0010428333333333335,0.017376333333333327,0.0,0.0,0.0,0.006
main2a,Qwen2.5-3B,Entropy,0.6,300,0.16794333333333336,0.1426299166666667,0.19549016666666666,0.0,0.0,0.0,0.018
main2a,Qwen2.5-3B,Entropy,0.8,300,0.36067333333333335,0.32342925,0.39737475,0.01,0.0,0.023333333333333334,0.018
main2a,Qwen2.5-3B,Entropy,0.9,300,0.49917,0.4600875,0.5371047499999999,0.02666666666666667,0.01,0.04666666666666667,0.018
main2a,Qwen2.5-3B,Entropy,0.92,300,0.5731566666666665,0.5341610833333333,0.6150257499999999,0.03666666666666667,0.016666666666666666,0.056666666666666664,0.018
main2a,Qwen2.5-3B,Entropy,0.94,300,0.5987899999999999,0.5586230833333333,0.6374246666666668,0.06,0.03,0.08666666666666667,0.018
main2a,Qwen2.5-3B,Entropy,0.96,300,0.6413133333333334,0.60112275,0.6822864166666668,0.09333333333333334,0.06666666666666667,0.13,0.018
main2a,Qwen2.5-3B,Entropy,0.98,300,0.6665166666666666,0.6246960833333334,0.70490725,0.11,0.07333333333333333,0.14666666666666667,0.018
main2a,Qwen2.5-3B,Entropy,1.0,300,0.7032133333333332,0.6624904166666667,0.74152325,0.17333333333333334,0.13333333333333333,0.22,0.018
main2a,Qwen2.5-3B,Entropy,1.02,300,0.73198,0.69578225,0.7667990833333334,0.26,0.21,0.31,0.018
main2a,Qwen2.5-3B,Entropy,1.04,300,0.8017299999999999,0.7694723333333333,0.8362303333333332,0.3333333333333333,0.28,0.38666666666666666,0.018
main2a,Qwen2.5-3B,Entropy,1.06,300,0.8312700000000001,0.8001330833333333,0.86249075,0.43666666666666665,0.38,0.49333333333333335,0.018
main2a,Qwen2.5-3B,Entropy,1.1,300,0.8849166666666666,0.8586353333333334,0.911778,0.57,0.5133333333333333,0.6233333333333333,0.018
main2a,Qwen2.5-3B,Entropy,1.2,300,0.9709166666666667,0.9551625,0.9839906666666666,0.8966666666666666,0.86,0.93,0.018
main2a,Qwen2.5-3B,LRR,0.6,300,0.9788166666666667,0.9685114166666666,0.98700575,0.82,0.7799166666666667,0.86,0.004
main2a,Qwen2.5-3B,LRR,0.8,300,0.8490466666666666,0.8229033333333333,0.8734903333333334,0.16666666666666666,0.12666666666666668,0.21333333333333335,0.004
main2a,Qwen2.5-3B,LRR,0.9,300,0.61822,0.5820076666666667,0.6557241666666667,0.023333333333333334,0.006666666666666667,0.043333333333333335,0.004
main2a,Qwen2.5-3B,LRR,0.92,300,0.48099000000000003,0.4411815,0.51867825,0.016666666666666666,0.0033333333333333335,0.03333333333333333,0.004
main2a,Qwen2.5-3B,LRR,0.94,300,0.41109666666666667,0.37614508333333335,0.4448270833333333,0.006666666666666667,0.0,0.016666666666666666,0.004
main2a,Qwen2.5-3B,LRR,0.96,300,0.312805,0.2793856666666667,0.3455139583333333,0.0033333333333333335,0.0,0.01,0.004
main2a,Qwen2.5-3B,LRR,0.98,300,0.26245333333333337,0.23043441666666667,0.2966674166666667,0.006666666666666667,0.0,0.016666666666666666,0.004
main2a,Qwen2.5-3B,LRR,1.0,300,0.22982666666666668,0.19789758333333335,0.2628860833333333,0.0,0.0,0.0,0.004
main2a,Qwen2.5-3B,LRR,1.02,300,0.174255,0.14412341666666667,0.20336991666666668,0.0033333333333333335,0.0,0.01,0.004
main2a,Qwen2.5-3B,LRR,1.04,300,0.10522333333333334,0.08246633333333334,0.12835916666666666,0.0033333333333333335,0.0,0.01,0.004
main2a,Qwen2.5-3B,LRR,1.06,300,0.07824333333333333,0.05904658333333335,0.10169208333333332,0.0,0.0,0.0,0.004
main2a,Qwen2.5-3B,LRR,1.1,300,0.03614333333333333,0.024278416666666667,0.050811999999999996,0.0,0.0,0.0,0.004
main2a,Qwen2.5-3B,LRR,1.2,300,0.003913333333333334,0.0007000000000000006,0.008563833333333333,0.0,0.0,0.0,0.004
main2a,Qwen2.5-3B,FastDetectGPT,0.6,300,0.9988766666666666,0.9976497499999999,0.9996906666666666,0.98,0.9633333333333334,0.9933333333333333,0.012
main2a,Qwen2.5-3B,FastDetectGPT,0.8,300,0.9867900000000001,0.9796094166666668,0.9925505,0.8333333333333334,0.7866666666666666,0.8733333333333333,0.012
main2a,Qwen2.5-3B,FastDetectGPT,0.9,300,0.9128666666666666,0.8935396666666667,0.93145175,0.38666666666666666,0.3333333333333333,0.44666666666666666,0.012
main2a,Qwen2.5-3B,FastDetectGPT,0.92,300,0.8417333333333332,0.8143803333333334,0.8683395833333334,0.27666666666666667,0.22,0.32666666666666666,0.012
main2a,Qwen2.5-3B,FastDetectGPT,0.94,300,0.7772,0.7465237499999999,0.8076605833333332,0.14333333333333334,0.10658333333333335,0.18,0.012
main2a,Qwen2.5-3B,FastDetectGPT,0.96,300,0.64617,0.6121369166666666,0.6840926666666668,0.11,0.07666666666666666,0.14333333333333334,0.012
main2a,Qwen2.5-3B,FastDetectGPT,0.98,300,0.5332666666666667,0.49384033333333344,0.5722522499999999,0.10666666666666667,0.07333333333333333,0.14008333333333328,0.012
main2a,Qwen2.5-3B,FastDetectGPT,1.0,300,0.42439666666666664,0.3827120833333334,0.46537999999999996,0.07666666666666666,0.05,0.10666666666666667,0.012
main2a,Qwen2.5-3B,FastDetectGPT,1.02,300,0.3074866666666667,0.26523683333333337,0.34836941666666665,0.05333333333333334,0.03,0.08,0.012
main2a,Qwen2.5-3B,FastDetectGPT,1.04,300,0.19527666666666668,0.16219675,0.2327175833333333,0.02,0.006666666666666667,0.03666666666666667,0.012
main2a,Qwen2.5-3B,FastDetectGPT,1.06,300,0.13954333333333332,0.11058508333333335,0.16990733333333335,0.023333333333333334,0.006666666666666667,0.043333333333333335,0.012
main2a,Qwen2.5-3B,FastDetectGPT,1.1,300,0.07670333333333335,0.05448483333333333,0.10279025000000001,0.013333333333333334,0.0033333333333333335,0.02666666666666667,0.012
main2a,Qwen2.5-3B,FastDetectGPT,1.2,300,0.008463333333333331,0.0009026666666666669,0.01850208333333333,0.0,0.0,0.0,0.012
main2a,Qwen2.5-3B,Binoculars,0.6,300,0.9993166666666666,0.9985966666666667,0.9998466666666666,0.99,0.9766666666666667,1.0,0.016
main2a,Qwen2.5-3B,Binoculars,0.8,300,0.9871066666666667,0.9793085833333333,0.9931110833333334,0.8633333333333333,0.8233333333333334,0.9033333333333333,0.016
main2a,Qwen2.5-3B,Binoculars,0.9,300,0.9056600000000001,0.8853330833333334,0.9245253333333333,0.33,0.2733333333333333,0.38666666666666666,0.016
main2a,Qwen2.5-3B,Binoculars,0.92,300,0.8314233333333332,0.8036536666666667,0.8566431666666667,0.22666666666666666,0.18333333333333332,0.27666666666666667,0.016
main2a,Qwen2.5-3B,Binoculars,0.94,300,0.7642666666666666,0.7311716666666667,0.7929216666666665,0.13666666666666666,0.09666666666666666,0.18,0.016
main2a,Qwen2.5-3B,Binoculars,0.96,300,0.6368799999999999,0.5995810833333334,0.6749753333333333,0.10333333333333333,0.07,0.14,0.016
main2a,Qwen2.5-3B,Binoculars,0.98,300,0.5310966666666666,0.4924995,0.5702659166666665,0.10333333333333333,0.07,0.14,0.016
main2a,Qwen2.5-3B,Binoculars,1.0,300,0.42955,0.38883966666666664,0.47233125,0.07333333333333333,0.043333333333333335,0.10333333333333333,0.016
main2a,Qwen2.5-3B,Binoculars,1.02,300,0.31385,0.27502725,0.35604883333333337,0.04,0.02,0.06333333333333334,0.016
main2a,Qwen2.5-3B,Binoculars,1.04,300,0.20746333333333333,0.17526325,0.24020341666666667,0.023333333333333334,0.01,0.043333333333333335,0.016
main2a,Qwen2.5-3B,Binoculars,1.06,300,0.14592,0.11678483333333334,0.17690841666666668,0.02,0.006666666666666667,0.03666666666666667,0.016
main2a,Qwen2.5-3B,Binoculars,1.1,300,0.07869000000000001,0.054580000000000004,0.10385691666666666,0.013333333333333334,0.0033333333333333335,0.02666666666666667,0.016
main2a,Qwen2.5-3B,Binoculars,1.2,300,0.009383333333333334,0.0018060000000000005,0.02009566666666666,0.0,0.0,0.0,0.016
main2a,Qwen2.5-3B,DMAP_position,0.6,300,0.9535100000000001,0.93469775,0.9689032499999999,0.8233333333333334,0.78,0.8666666666666667,0.022
main2a,Qwen2.5-3B,DMAP_position,0.8,300,0.8643066666666667,0.8359052500000002,0.8932994999999999,0.53,0.47333333333333333,0.5866666666666667,0.022
main2a,Qwen2.5-3B,DMAP_position,0.9,300,0.6991566666666666,0.6607900833333334,0.7375184166666666,0.16666666666666666,0.12666666666666668,0.21,0.022
main2a,Qwen2.5-3B,DMAP_position,0.92,300,0.6290100000000001,0.5889609166666667,0.6685025833333333,0.06333333333333334,0.03666666666666667,0.09333333333333334,0.022
main2a,Qwen2.5-3B,DMAP_position,0.94,300,0.5423100000000001,0.5028728333333333,0.5841281666666667,0.03333333333333333,0.01658333333333334,0.05333333333333334,0.022
main2a,Qwen2.5-3B,DMAP_position,0.96,300,0.4375433333333333,0.3991755833333333,0.4741670833333333,0.016666666666666666,0.0033333333333333335,0.03333333333333333,0.022
main2a,Qwen2.5-3B,DMAP_position,0.98,300,0.36672000000000005,0.3317764166666667,0.40398066666666665,0.0,0.0,0.0,0.022
main2a,Qwen2.5-3B,DMAP_position,1.0,300,0.2846133333333334,0.2503493333333333,0.31913733333333333,0.0033333333333333335,0.0,0.01,0.022
main2a,Qwen2.5-3B,DMAP_position,1.02,300,0.205245,0.17479554166666667,0.23651170833333332,0.0,0.0,0.0,0.022
main2a,Qwen2.5-3B,DMAP_position,1.04,300,0.13667,0.11170108333333334,0.16183841666666668,0.0,0.0,0.0,0.022
main2a,Qwen2.5-3B,DMAP_position,1.06,300,0.07697333333333334,0.06149983333333333,0.09315041666666665,0.0,0.0,0.0,0.022
main2a,Qwen2.5-3B,DMAP_position,1.1,300,0.03177666666666667,0.021786333333333335,0.0436405,0.0,0.0,0.0,0.022
main2a,Qwen2.5-3B,DMAP_position,1.2,300,0.002023333333333334,0.00018991666666666685,0.005084749999999999,0.0,0.0,0.0,0.022
main2a,Qwen2.5-3B,DMAP_chi2,0.6,300,0.8639266666666668,0.8381558333333333,0.8908293333333335,0.34,0.28658333333333336,0.39666666666666667,0.014
main2a,Qwen2.5-3B,DMAP_chi2,0.8,300,0.6637533333333333,0.6296415833333333,0.6979608333333334,0.013333333333333334,0.0033333333333333335,0.02666666666666667,0.014
main2a,Qwen2.5-3B,DMAP_chi2,0.9,300,0.5343666666666667,0.4984433333333333,0.5727827500000001,0.013333333333333334,0.0033333333333333335,0.02666666666666667,0.014
main2a,Qwen2.5-3B,DMAP_chi2,0.92,300,0.5030366666666667,0.46687225,0.5391971666666666,0.01,0.0,0.023333333333333334,0.014
main2a,Qwen2.5-3B,DMAP_chi2,0.94,300,0.51679,0.48015316666666663,0.5525981666666666,0.013333333333333334,0.0033333333333333335,0.02666666666666667,0.014
main2a,Qwen2.5-3B,DMAP_chi2,0.96,300,0.5246299999999999,0.4837771666666667,0.5601914166666667,0.016666666666666666,0.0033333333333333335,0.03333333333333333,0.014
main2a,Qwen2.5-3B,DMAP_chi2,0.98,300,0.5340533333333334,0.49691291666666665,0.5747539166666666,0.016666666666666666,0.0033333333333333335,0.03333333333333333,0.014
main2a,Qwen2.5-3B,DMAP_chi2,1.0,300,0.5448500000000001,0.5089823333333333,0.5822813333333333,0.02,0.006666666666666667,0.03666666666666667,0.014
main2a,Qwen2.5-3B,DMAP_chi2,1.02,300,0.5980133333333333,0.5619708333333334,0.6315231666666666,0.03,0.013333333333333334,0.05,0.014
main2a,Qwen2.5-3B,DMAP_chi2,1.04,300,0.63795,0.6033024166666667,0.6723179166666667,0.07333333333333333,0.04658333333333334,0.10333333333333333,0.014
main2a,Qwen2.5-3B,DMAP_chi2,1.06,300,0.7072233333333333,0.6737555833333333,0.741609,0.08666666666666667,0.056666666666666664,0.11674999999999992,0.014
main2a,Qwen2.5-3B,DMAP_chi2,1.1,300,0.8583966666666667,0.8320334166666667,0.8821270000000001,0.30333333333333334,0.25333333333333335,0.36,0.014
main2a,Qwen2.5-3B,DMAP_chi2,1.2,300,0.9915833333333333,0.9857979166666667,0.9958343333333334,0.8866666666666667,0.8565833333333334,0.92,0.014
main2a,SmolLM2-1.7B,Likelihood,0.8,300,0.7963416666666667,0.7681779166666666,0.8241400416666667,0.09,0.056666666666666664,0.12,0.014
main2a,SmolLM2-1.7B,Likelihood,0.9,300,0.4334766666666666,0.39458091666666667,0.4715754166666667,0.013333333333333334,0.0033333333333333335,0.02666666666666667,0.014
main2a,SmolLM2-1.7B,Likelihood,0.94,300,0.27731333333333336,0.24485308333333333,0.30874983333333333,0.0033333333333333335,0.0,0.01,0.014
main2a,SmolLM2-1.7B,Likelihood,0.98,300,0.14449666666666666,0.12219275000000002,0.168168,0.0033333333333333335,0.0,0.01,0.014
main2a,SmolLM2-1.7B,Likelihood,1.0,300,0.08942333333333334,0.07064491666666667,0.10902508333333334,0.0033333333333333335,0.0,0.01,0.014
main2a,SmolLM2-1.7B,Likelihood,1.04,300,0.032600000000000004,0.021645250000000005,0.04591341666666666,0.0,0.0,0.0,0.014
main2a,SmolLM2-1.7B,Likelihood,1.1,300,0.011340000000000003,0.004212916666666668,0.02047816666666667,0.0,0.0,0.0,0.014
main2a,SmolLM2-1.7B,LogRank,0.8,300,0.80738,0.7809444166666667,0.8353435,0.1,0.06666666666666667,0.13666666666666666,0.006
main2a,SmolLM2-1.7B,LogRank,0.9,300,0.43427000000000004,0.3965160833333333,0.4712405833333333,0.01,0.0,0.02,0.006
main2a,SmolLM2-1.7B,LogRank,0.94,300,0.26978,0.2365550833333333,0.30272533333333335,0.0033333333333333335,0.0,0.01,0.006
main2a,SmolLM2-1.7B,LogRank,0.98,300,0.13650666666666667,0.1144185,0.16149091666666668,0.0,0.0,0.0,0.006
main2a,SmolLM2-1.7B,LogRank,1.0,300,0.08402666666666668,0.06507441666666666,0.10235866666666668,0.0,0.0,0.0,0.006
main2a,SmolLM2-1.7B,LogRank,1.04,300,0.028626666666666665,0.018553583333333335,0.040460166666666665,0.0,0.0,0.0,0.006
main2a,SmolLM2-1.7B,LogRank,1.1,300,0.01099666666666667,0.004269666666666668,0.019103666666666665,0.0,0.0,0.0,0.006
main2a,SmolLM2-1.7B,Entropy,0.8,300,0.48282333333333327,0.44351558333333335,0.5186164999999999,0.016666666666666666,0.0033333333333333335,0.03333333333333333,0.018
main2a,SmolLM2-1.7B,Entropy,0.9,300,0.6893133333333333,0.6539900833333333,0.7251605,0.07666666666666666,0.04666666666666667,0.10666666666666667,0.018
main2a,SmolLM2-1.7B,Entropy,0.94,300,0.7578366666666667,0.72549325,0.7875047500000001,0.13,0.09,0.17,0.018
main2a,SmolLM2-1.7B,Entropy,0.98,300,0.8377066666666667,0.8134221666666667,0.8620953333333333,0.23,0.18333333333333332,0.2733333333333333,0.018
main2a,SmolLM2-1.7B,Entropy,1.0,300,0.8664,0.8407835833333334,0.88928725,0.36666666666666664,0.31333333333333335,0.42,0.018
main2a,SmolLM2-1.7B,Entropy,1.04,300,0.92393,0.9043377499999999,0.9419824166666667,0.5233333333333333,0.4666666666666667,0.5833333333333334,0.018
main2a,SmolLM2-1.7B,Entropy,1.1,300,0.9656199999999999,0.9519131666666666,0.9780500833333334,0.7833333333333333,0.7333333333333333,0.8266666666666667,0.018
main2a,SmolLM2-1.7B,LRR,0.8,300,0.8039599999999999,0.7727946666666667,0.8320923333333334,0.12,0.08333333333333333,0.15666666666666668,0.004
main2a,SmolLM2-1.7B,LRR,0.9,300,0.44318,0.40862966666666667,0.4814259166666667,0.0033333333333333335,0.0,0.01,0.004
main2a,SmolLM2-1.7B,LRR,0.94,300,0.27602166666666667,0.24422324999999998,0.30828162499999995,0.0033333333333333335,0.0,0.01,0.004
main2a,SmolLM2-1.7B,LRR,0.98,300,0.14326333333333335,0.12092950000000002,0.16696308333333332,0.0,0.0,0.0,0.004
main2a,SmolLM2-1.7B,LRR,1.0,300,0.09073,0.07292250000000002,0.11199316666666664,0.0,0.0,0.0,0.004
main2a,SmolLM2-1.7B,LRR,1.04,300,0.03130666666666667,0.021646833333333337,0.04161075,0.0,0.0,0.0,0.004
main2a,SmolLM2-1.7B,LRR,1.1,300,0.012383333333333336,0.0063928333333333354,0.020187000000000004,0.0,0.0,0.0,0.004
main2a,SmolLM2-1.7B,FastDetectGPT,0.8,300,0.9853866666666666,0.976641,0.9924001666666667,0.8733333333333333,0.8333333333333334,0.91,0.012
main2a,SmolLM2-1.7B,FastDetectGPT,0.9,300,0.8620366666666668,0.8367819166666668,0.88462925,0.24666666666666667,0.1999166666666667,0.2966666666666667,0.012
main2a,SmolLM2-1.7B,FastDetectGPT,0.94,300,0.6956166666666667,0.6613988333333334,0.7272809166666666,0.06333333333333334,0.03666666666666667,0.09333333333333334,0.012
main2a,SmolLM2-1.7B,FastDetectGPT,0.98,300,0.44255000000000005,0.40241649999999995,0.47960741666666673,0.0033333333333333335,0.0,0.01,0.012
main2a,SmolLM2-1.7B,FastDetectGPT,1.0,300,0.28436,0.25104075000000003,0.31826499999999996,0.0,0.0,0.0,0.012
main2a,SmolLM2-1.7B,FastDetectGPT,1.04,300,0.06482000000000002,0.05002308333333334,0.08025858333333334,0.0,0.0,0.0,0.012
main2a,SmolLM2-1.7B,FastDetectGPT,1.1,300,0.005613333333333334,0.0018499166666666668,0.010503833333333332,0.0,0.0,0.0,0.012
main2a,SmolLM2-1.7B,Binoculars,0.8,300,0.9856166666666667,0.9762363333333332,0.9918215,0.88,0.84,0.9133333333333333,0.016
main2a,SmolLM2-1.7B,Binoculars,0.9,300,0.8503966666666667,0.82655275,0.87387925,0.16333333333333333,0.12333333333333334,0.20666666666666667,0.016
main2a,SmolLM2-1.7B,Binoculars,0.94,300,0.68293,0.65062775,0.7184075833333332,0.04666666666666667,0.023333333333333334,0.07,0.016
main2a,SmolLM2-1.7B,Binoculars,0.98,300,0.44052,0.402041,0.4782436666666667,0.01,0.0,0.023333333333333334,0.016
main2a,SmolLM2-1.7B,Binoculars,1.0,300,0.29077000000000003,0.2579821666666667,0.3225375833333333,0.0,0.0,0.0,0.016
main2a,SmolLM2-1.7B,Binoculars,1.04,300,0.07521,0.05930225000000001,0.092465,0.0,0.0,0.0,0.016
main2a,SmolLM2-1.7B,Binoculars,1.1,300,0.007226666666666669,0.0029628333333333342,0.012487000000000003,0.0,0.0,0.0,0.016
main2a,SmolLM2-1.7B,DMAP_position,0.8,300,0.9345066666666666,0.91654925,0.9523026666666667,0.6033333333333334,0.5466666666666666,0.6567499999999998,0.024
main2a,SmolLM2-1.7B,DMAP_position,0.9,300,0.7298899999999999,0.6969096666666668,0.7616446666666667,0.12,0.08666666666666667,0.16,0.024
main2a,SmolLM2-1.7B,DMAP_position,0.94,300,0.5682933333333333,0.53287675,0.6034218333333333,0.05333333333333334,0.03325,0.08,0.024
main2a,SmolLM2-1.7B,DMAP_position,0.98,300,0.3648266666666667,0.32946224999999996,0.3975395,0.0033333333333333335,0.0,0.01,0.024
main2a,SmolLM2-1.7B,DMAP_position,1.0,300,0.2601633333333333,0.2268025,0.29207666666666665,0.0,0.0,0.0,0.024
main2a,SmolLM2-1.7B,DMAP_position,1.04,300,0.07988666666666668,0.06398183333333334,0.09803033333333334,0.0,0.0,0.0,0.024
main2a,SmolLM2-1.7B,DMAP_position,1.1,300,0.014140000000000002,0.008457083333333336,0.020567666666666665,0.0,0.0,0.0,0.024
main2a,SmolLM2-1.7B,DMAP_chi2,0.8,300,0.69674,0.6662025833333334,0.7261239999999999,0.01,0.0,0.023333333333333334,0.014
main2a,SmolLM2-1.7B,DMAP_chi2,0.9,300,0.5399733333333333,0.5046235,0.5737481666666667,0.006666666666666667,0.0,0.016666666666666666,0.014
main2a,SmolLM2-1.7B,DMAP_chi2,0.94,300,0.5220966666666667,0.48306066666666664,0.5587635833333333,0.006666666666666667,0.0,0.016666666666666666,0.014
main2a,SmolLM2-1.7B,DMAP_chi2,0.98,300,0.5275333333333333,0.49463241666666663,0.56450375,0.0033333333333333335,0.0,0.013333333333333334,0.014
main2a,SmolLM2-1.7B,DMAP_chi2,1.0,300,0.5689433333333334,0.5276419166666666,0.6083185833333333,0.02,0.006666666666666667,0.03666666666666667,0.014
main2a,SmolLM2-1.7B,DMAP_chi2,1.04,300,0.7355533333333333,0.7041261666666666,0.7668234166666665,0.08,0.05333333333333334,0.11333333333333333,0.014
main2a,SmolLM2-1.7B,DMAP_chi2,1.1,300,0.9308033333333334,0.91292075,0.9478079166666666,0.49666666666666665,0.44,0.5533333333333333,0.014
main2a,phi-2,Likelihood,0.8,300,0.8830600000000001,0.8608018333333334,0.9040467500000001,0.25666666666666665,0.21333333333333335,0.31,0.012
main2a,phi-2,Likelihood,0.9,300,0.5941333333333332,0.5549815000000001,0.630174,0.09333333333333334,0.06325000000000001,0.12666666666666668,0.012
main2a,phi-2,Likelihood,0.94,300,0.4524366666666667,0.4104845833333333,0.49524883333333336,0.056666666666666664,0.03333333333333333,0.08333333333333333,0.012
main2a,phi-2,Likelihood,0.98,300,0.27838,0.2434141666666667,0.3158864166666667,0.013333333333333334,0.003250000000000005,0.02666666666666667,0.012
main2a,phi-2,Likelihood,1.0,300,0.20198333333333335,0.16743283333333334,0.2382733333333333,0.013333333333333334,0.0033333333333333335,0.02666666666666667,0.012
main2a,phi-2,Likelihood,1.04,300,0.12669,0.09861183333333334,0.15394691666666666,0.016666666666666666,0.0033333333333333335,0.03333333333333333,0.012
main2a,phi-2,Likelihood,1.1,300,0.047746666666666666,0.02892466666666667,0.06899058333333331,0.0,0.0,0.0,0.012
main2a,phi-2,LogRank,0.8,300,0.8938566666666666,0.87103,0.9135415,0.29,0.24,0.33674999999999994,0.006
main2a,phi-2,LogRank,0.9,300,0.5950066666666667,0.55631175,0.6354810000000001,0.09333333333333334,0.06,0.12666666666666668,0.006
main2a,phi-2,LogRank,0.94,300,0.45091666666666663,0.4081940000000001,0.4905065833333333,0.056666666666666664,0.03,0.08333333333333333,0.006
main2a,phi-2,LogRank,0.98,300,0.27522,0.24030633333333334,0.3141215,0.016666666666666666,0.0033333333333333335,0.03333333333333333,0.006
main2a,phi-2,LogRank,1.0,300,0.19766333333333336,0.1645359166666667,0.23041516666666667,0.013333333333333334,0.0033333333333333335,0.02666666666666667,0.006
main2a,phi-2,LogRank,1.04,300,0.12264999999999998,0.09319216666666669,0.15355891666666668,0.013333333333333334,0.0,0.02666666666666667,0.006
main2a,phi-2,LogRank,1.1,300,0.04466333333333333,0.026085416666666666,0.06509391666666667,0.0,0.0,0.0,0.006
main2a,phi-2,Entropy,0.8,300,0.35703,0.3181089166666667,0.39163600000000004,0.0033333333333333335,0.0,0.01,0.018
main2a,phi-2,Entropy,0.9,300,0.5514133333333333,0.5081969166666667,0.5933324166666666,0.03666666666666667,0.016666666666666666,0.06,0.018
main2a,phi-2,Entropy,0.94,300,0.6166333333333334,0.5765180000000001,0.6569134999999999,0.1,0.06666666666666667,0.13666666666666666,0.018
main2a,phi-2,Entropy,0.98,300,0.7200466666666667,0.6802705,0.7560491666666668,0.22666666666666666,0.18,0.2733333333333333,0.018
main2a,phi-2,Entropy,1.0,300,0.7751666666666666,0.7397244166666667,0.8075831666666667,0.31,0.26,0.36333333333333334,0.018
main2a,phi-2,Entropy,1.04,300,0.8388100000000001,0.8069919999999999,0.8703365,0.43,0.37666666666666665,0.4866666666666667,0.018
main2a,phi-2,Entropy,1.1,300,0.9149466666666667,0.889015,0.9391538333333332,0.7133333333333334,0.66,0.7633333333333333,0.018
main2a,phi-2,LRR,0.8,300,0.8856333333333334,0.8610376666666667,0.9068175,0.2866666666666667,0.23666666666666666,0.33666666666666667,0.004
main2a,phi-2,LRR,0.9,300,0.5841866666666667,0.5443225833333333,0.6233895833333333,0.043333333333333335,0.02,0.06674999999999992,0.004
main2a,phi-2,LRR,0.94,300,0.45070333333333334,0.40967708333333336,0.4920279999999999,0.03333333333333333,0.01658333333333334,0.05333333333333334,0.004
main2a,phi-2,LRR,0.98,300,0.27636666666666665,0.2383265,0.3141443333333333,0.01,0.0,0.023333333333333334,0.004
main2a,phi-2,LRR,1.0,300,0.20029333333333332,0.1676605,0.23593049999999996,0.006666666666666667,0.0,0.016666666666666666,0.004
main2a,phi-2,LRR,1.04,300,0.11855333333333334,0.09132766666666668,0.14745708333333335,0.0033333333333333335,0.0,0.01,0.004
main2a,phi-2,LRR,1.1,300,0.03793666666666667,0.021097833333333336,0.055673,0.0,0.0,0.0,0.004
main2a,phi-2,FastDetectGPT,0.8,300,0.9864133333333333,0.9767319166666666,0.9946343333333333,0.9133333333333333,0.88,0.9434166666666666,0.016
main2a,phi-2,FastDetectGPT,0.9,300,0.9251633333333333,0.9069266666666665,0.9420601666666667,0.45666666666666667,0.4,0.51,0.016
main2a,phi-2,FastDetectGPT,0.94,300,0.7983133333333333,0.7696240833333334,0.8285616666666666,0.25,0.20333333333333334,0.3,0.016
main2a,phi-2,FastDetectGPT,0.98,300,0.5629500000000001,0.5237166666666666,0.6008641666666666,0.1,0.06991666666666668,0.13333333333333333,0.016
main2a,phi-2,FastDetectGPT,1.0,300,0.38486333333333334,0.3463505,0.4222766666666667,0.09666666666666666,0.06658333333333334,0.13,0.016
main2a,phi-2,FastDetectGPT,1.04,300,0.19106333333333334,0.15591475000000002,0.2216715,0.056666666666666664,0.03333333333333333,0.08333333333333333,0.016
main2a,phi-2,FastDetectGPT,1.1,300,0.057286666666666666,0.03527608333333333,0.080458,0.023333333333333334,0.006666666666666667,0.043333333333333335,0.016
main2a,phi-2,Binoculars,0.8,300,0.9865166666666667,0.9767285833333335,0.9945638333333334,0.9166666666666666,0.8866666666666667,0.9466666666666667,0.016
main2a,phi-2,Binoculars,0.9,300,0.91827,0.9010054166666667,0.9347708333333334,0.37666666666666665,0.32,0.43333333333333335,0.016
main2a,phi-2,Binoculars,0.94,300,0.7881100000000001,0.7564466666666666,0.8206088333333333,0.19666666666666666,0.14666666666666667,0.24,0.016
main2a,phi-2,Binoculars,0.98,300,0.5599233333333333,0.522842,0.5967929166666667,0.09333333333333334,0.06333333333333334,0.12674999999999995,0.016
main2a,phi-2,Binoculars,1.0,300,0.39269999999999994,0.35335199999999994,0.43157075,0.08666666666666667,0.05333333333333334,0.11666666666666667,0.016
main2a,phi-2,Binoculars,1.04,300,0.20028333333333337,0.16617,0.2337934166666667,0.05,0.02666666666666667,0.07666666666666666,0.016
main2a,phi-2,Binoculars,1.1,300,0.05879166666666667,0.0389985,0.08417966666666667,0.02,0.006666666666666667,0.03666666666666667,0.016
main2a,phi-2,DMAP_position,0.8,300,0.9323633333333332,0.9131352500000001,0.9505950833333334,0.6966666666666667,0.64,0.7433333333333333,0.026
main2a,phi-2,DMAP_position,0.9,300,0.80693,0.7753778333333334,0.8341695833333334,0.25,0.20333333333333334,0.3,0.026
main2a,phi-2,DMAP_position,0.94,300,0.6695833333333334,0.6339995,0.7064749166666666,0.08,0.05,0.11333333333333333,0.026
main2a,phi-2,DMAP_position,0.98,300,0.45589,0.41776358333333335,0.48975375,0.023333333333333334,0.01,0.04,0.026
main2a,phi-2,DMAP_position,1.0,300,0.33796000000000004,0.30409925,0.37723133333333336,0.023333333333333334,0.006666666666666667,0.04,0.026
main2a,phi-2,DMAP_position,1.04,300,0.18280333333333332,0.15491433333333335,0.21226575,0.0033333333333333335,0.0,0.01,0.026
main2a,phi-2,DMAP_position,1.1,300,0.03982666666666668,0.028891250000000004,0.05349158333333334,0.0,0.0,0.0,0.026
main2a,phi-2,DMAP_chi2,0.8,300,0.7397333333333332,0.7086306666666666,0.7705591666666666,0.016666666666666666,0.0033333333333333335,0.03333333333333333,0.014
main2a,phi-2,DMAP_chi2,0.9,300,0.5700633333333334,0.5343935000000001,0.608065,0.01,0.0,0.02,0.014
main2a,phi-2,DMAP_chi2,0.94,300,0.51255,0.4762794999999999,0.5499411666666668,0.0,0.0,0.0,0.014
main2a,phi-2,DMAP_chi2,0.98,300,0.5205433333333334,0.486101,0.5576534999999999,0.016666666666666666,0.0033333333333333335,0.03333333333333333,0.014
main2a,phi-2,DMAP_chi2,1.0,300,0.55283,0.5144226666666666,0.5923590833333333,0.02666666666666667,0.01,0.04341666666666659,0.014
main2a,phi-2,DMAP_chi2,1.04,300,0.65133,0.61422425,0.6865915833333334,0.07666666666666666,0.04666666666666667,0.11,0.014
main2a,phi-2,DMAP_chi2,1.1,300,0.85971,0.8327811666666666,0.8832281666666666,0.35333333333333333,0.3,0.41,0.014
extA,pythia-2.8b,Likelihood,0.8,300,0.85954,0.8376556666666667,0.8798929166666667,0.09333333333333334,0.06,0.12666666666666668,0.008
extA,pythia-2.8b,Likelihood,0.9,300,0.5250366666666667,0.4868493333333333,0.5655036666666667,0.03666666666666667,0.016666666666666666,0.06,0.008
extA,pythia-2.8b,Likelihood,0.94,300,0.3596566666666667,0.31950833333333334,0.39942933333333336,0.013333333333333334,0.0033333333333333335,0.03,0.008
extA,pythia-2.8b,Likelihood,0.96,300,0.2923,0.2573664166666667,0.32942841666666667,0.013333333333333334,0.0033333333333333335,0.02666666666666667,0.008
extA,pythia-2.8b,Likelihood,0.98,300,0.24370666666666668,0.21088266666666666,0.27908449999999996,0.01,0.0,0.023333333333333334,0.008
extA,pythia-2.8b,Likelihood,1.0,300,0.16415333333333332,0.13512875000000002,0.19343524999999995,0.0033333333333333335,0.0,0.01,0.008
extA,pythia-2.8b,Likelihood,1.02,300,0.12661,0.09982733333333334,0.15637133333333336,0.006666666666666667,0.0,0.016666666666666666,0.008
extA,pythia-2.8b,Likelihood,1.04,300,0.07446666666666667,0.05426458333333334,0.09474116666666667,0.0033333333333333335,0.0,0.01,0.008
extA,pythia-2.8b,Likelihood,1.1,300,0.028220000000000002,0.0161395,0.04321941666666667,0.0033333333333333335,0.0,0.01,0.008
extA,pythia-2.8b,LogRank,0.8,300,0.8714500000000001,0.84892025,0.89040475,0.11333333333333333,0.08333333333333333,0.15,0.01
extA,pythia-2.8b,LogRank,0.9,300,0.5240266666666666,0.4884886666666667,0.5632739166666666,0.03333333333333333,0.013333333333333334,0.056666666666666664,0.01
extA,pythia-2.8b,LogRank,0.94,300,0.34361,0.30676675,0.38459975,0.01,0.0,0.023333333333333334,0.01
extA,pythia-2.8b,LogRank,0.96,300,0.2757866666666667,0.24122933333333332,0.3120334166666667,0.013333333333333334,0.0033333333333333335,0.02666666666666667,0.01
extA,pythia-2.8b,LogRank,0.98,300,0.22777999999999998,0.19332000000000002,0.26094699999999993,0.01,0.0,0.023333333333333334,0.01
extA,pythia-2.8b,LogRank,1.0,300,0.1469,0.11931749999999999,0.17670816666666667,0.0033333333333333335,0.0,0.01,0.01
extA,pythia-2.8b,LogRank,1.02,300,0.11391666666666668,0.08781275000000001,0.14029966666666668,0.0033333333333333335,0.0,0.01,0.01
extA,pythia-2.8b,LogRank,1.04,300,0.06552666666666666,0.04566066666666667,0.08482816666666668,0.0033333333333333335,0.0,0.01,0.01
extA,pythia-2.8b,LogRank,1.1,300,0.023363333333333333,0.012674500000000002,0.036507083333333336,0.0033333333333333335,0.0,0.01,0.01
extA,pythia-2.8b,Entropy,0.8,300,0.36979666666666666,0.33124708333333336,0.406322,0.0033333333333333335,0.0,0.01,0.008
extA,pythia-2.8b,Entropy,0.9,300,0.58746,0.5459100833333334,0.63025675,0.04666666666666667,0.023333333333333334,0.07,0.008
extA,pythia-2.8b,Entropy,0.94,300,0.6715166666666667,0.6326160000000001,0.70812725,0.09333333333333334,0.06333333333333334,0.13,0.008
extA,pythia-2.8b,Entropy,0.96,300,0.7053033333333334,0.6700032499999999,0.7422026666666668,0.12333333333333334,0.08666666666666667,0.16333333333333333,0.008
extA,pythia-2.8b,Entropy,0.98,300,0.7353633333333334,0.6959217500000001,0.77029375,0.16333333333333333,0.12333333333333334,0.20666666666666667,0.008
extA,pythia-2.8b,Entropy,1.0,300,0.7811533333333334,0.7489838333333333,0.8150946666666666,0.23333333333333334,0.18666666666666668,0.2800833333333333,0.008
extA,pythia-2.8b,Entropy,1.02,300,0.8189600000000001,0.7843878333333334,0.850734,0.32666666666666666,0.2733333333333333,0.38,0.008
extA,pythia-2.8b,Entropy,1.04,300,0.8618933333333334,0.8321303333333334,0.8884968333333332,0.46,0.4066666666666667,0.5166666666666667,0.008
extA,pythia-2.8b,Entropy,1.1,300,0.9315199999999999,0.9082985000000001,0.9511755833333334,0.7166666666666667,0.6633333333333333,0.7666666666666667,0.008
extA,pythia-2.8b,LRR,0.8,300,0.8704033333333334,0.8466013333333334,0.89519675,0.2,0.15666666666666668,0.24666666666666667,0.02
extA,pythia-2.8b,LRR,0.9,300,0.51072,0.47075525,0.5512565833333334,0.02666666666666667,0.01,0.04666666666666667,0.02
extA,pythia-2.8b,LRR,0.94,300,0.31276666666666664,0.27851591666666664,0.35036824999999994,0.01,0.0,0.023333333333333334,0.02
extA,pythia-2.8b,LRR,0.96,300,0.25093333333333334,0.21886391666666666,0.28307666666666664,0.013333333333333334,0.0033333333333333335,0.02666666666666667,0.02
extA,pythia-2.8b,LRR,0.98,300,0.19198,0.16428758333333335,0.22185599999999997,0.006666666666666667,0.0,0.016666666666666666,0.02
extA,pythia-2.8b,LRR,1.0,300,0.11988333333333334,0.0980415,0.14275841666666667,0.0,0.0,0.0,0.02
extA,pythia-2.8b,LRR,1.02,300,0.09745000000000001,0.07449808333333334,0.12019791666666668,0.0,0.0,0.0,0.02
extA,pythia-2.8b,LRR,1.04,300,0.05724333333333334,0.041031750000000006,0.07584358333333335,0.0,0.0,0.0,0.02
extA,pythia-2.8b,LRR,1.1,300,0.015610000000000002,0.007514250000000002,0.026150000000000003,0.0,0.0,0.0,0.02
extA,pythia-2.8b,FastDetectGPT,0.8,300,0.9915033333333333,0.9840759166666667,0.9976845833333333,0.9533333333333334,0.9266666666666666,0.9766666666666667,0.018
extA,pythia-2.8b,FastDetectGPT,0.9,300,0.8929299999999999,0.8672923333333334,0.9134993333333334,0.42333333333333334,0.37,0.48,0.018
extA,pythia-2.8b,FastDetectGPT,0.94,300,0.7311399999999999,0.6978500833333332,0.7669644999999999,0.10333333333333333,0.07,0.14,0.018
extA,pythia-2.8b,FastDetectGPT,0.96,300,0.61481,0.5746081666666667,0.6508045833333334,0.05,0.02666666666666667,0.07666666666666666,0.018
extA,pythia-2.8b,FastDetectGPT,0.98,300,0.4702333333333333,0.43165891666666667,0.5088360000000001,0.023333333333333334,0.01,0.040083333333333256,0.018
extA,pythia-2.8b,FastDetectGPT,1.0,300,0.27143,0.23854383333333334,0.3040983333333333,0.0,0.0,0.0,0.018
extA,pythia-2.8b,FastDetectGPT,1.02,300,0.17358333333333334,0.14754716666666667,0.20159541666666667,0.0,0.0,0.0,0.018
extA,pythia-2.8b,FastDetectGPT,1.04,300,0.08419333333333334,0.06878000000000001,0.10235616666666666,0.0,0.0,0.0,0.018
extA,pythia-2.8b,FastDetectGPT,1.1,300,0.005440000000000001,0.002246416666666668,0.00914725,0.0,0.0,0.0,0.018
extA,pythia-2.8b,Binoculars,0.8,300,0.9913766666666667,0.9841749166666666,0.9970246666666667,0.95,0.9233333333333333,0.9733333333333334,0.018
extA,pythia-2.8b,Binoculars,0.9,300,0.8876633333333335,0.8632314999999999,0.9099859166666666,0.38666666666666666,0.3333333333333333,0.44,0.018
extA,pythia-2.8b,Binoculars,0.94,300,0.7164466666666667,0.6845105833333334,0.7501105,0.07666666666666666,0.04666666666666667,0.11,0.018
extA,pythia-2.8b,Binoculars,0.96,300,0.6029533333333333,0.5673037500000001,0.6381905833333333,0.02666666666666667,0.01,0.04666666666666667,0.018
extA,pythia-2.8b,Binoculars,0.98,300,0.46491333333333335,0.42399074999999997,0.5040627500000001,0.02,0.0033333333333333335,0.03666666666666667,0.018
extA,pythia-2.8b,Binoculars,1.0,300,0.27563166666666666,0.24295258333333336,0.3068693333333333,0.0,0.0,0.0,0.018
extA,pythia-2.8b,Binoculars,1.02,300,0.18261,0.15762525,0.20931225,0.0033333333333333335,0.0,0.01,0.018
extA,pythia-2.8b,Binoculars,1.04,300,0.09498000000000001,0.07765816666666667,0.11310225,0.0,0.0,0.0,0.018
extA,pythia-2.8b,Binoculars,1.1,300,0.007726666666666672,0.0037625833333333357,0.012745166666666667,0.0,0.0,0.0,0.018
extA,pythia-2.8b,DMAP_position,0.8,300,0.9472266666666667,0.9335023333333333,0.9599310833333334,0.5666666666666667,0.5133333333333333,0.6233333333333333,0.008
extA,pythia-2.8b,DMAP_position,0.9,300,0.7633500000000001,0.7316971666666667,0.7944199999999999,0.13666666666666666,0.09666666666666666,0.18,0.008
extA,pythia-2.8b,DMAP_position,0.94,300,0.5732233333333333,0.5369488333333332,0.6090073333333333,0.03,0.013333333333333334,0.05,0.008
extA,pythia-2.8b,DMAP_position,0.96,300,0.4910466666666667,0.4506235,0.5267974166666667,0.01,0.0,0.023333333333333334,0.008
extA,pythia-2.8b,DMAP_position,0.98,300,0.3823166666666667,0.34366099999999994,0.42238866666666663,0.0,0.0,0.0,0.008
extA,pythia-2.8b,DMAP_position,1.0,300,0.24470333333333333,0.21346966666666667,0.2734810833333334,0.0,0.0,0.0,0.008
extA,pythia-2.8b,DMAP_position,1.02,300,0.17240333333333335,0.14744691666666668,0.2016475833333333,0.0,0.0,0.0,0.008
extA,pythia-2.8b,DMAP_position,1.04,300,0.09339333333333336,0.07533941666666667,0.11132508333333332,0.0,0.0,0.0,0.008
extA,pythia-2.8b,DMAP_position,1.1,300,0.01815,0.01061216666666667,0.026567166666666673,0.0,0.0,0.0,0.008
extA,pythia-2.8b,DMAP_chi2,0.8,300,0.7519233333333335,0.72256325,0.7807819166666666,0.02,0.006666666666666667,0.03666666666666667,0.0
extA,pythia-2.8b,DMAP_chi2,0.9,300,0.5725366666666666,0.5370634166666667,0.6086611666666666,0.006666666666666667,0.0,0.016666666666666666,0.0
extA,pythia-2.8b,DMAP_chi2,0.94,300,0.55162,0.5146231666666666,0.5885212499999999,0.0033333333333333335,0.0,0.01,0.0
extA,pythia-2.8b,DMAP_chi2,0.96,300,0.54202,0.5059631666666666,0.5822396666666667,0.006666666666666667,0.0,0.016666666666666666,0.0
extA,pythia-2.8b,DMAP_chi2,0.98,300,0.5406566666666667,0.50099125,0.5779138333333332,0.02,0.006666666666666667,0.03666666666666667,0.0
extA,pythia-2.8b,DMAP_chi2,1.0,300,0.57299,0.53594475,0.6110149166666666,0.013333333333333334,0.0033333333333333335,0.02666666666666667,0.0
extA,pythia-2.8b,DMAP_chi2,1.02,300,0.6541299999999999,0.6192554166666666,0.6904429166666666,0.04666666666666667,0.023333333333333334,0.07333333333333333,0.0
extA,pythia-2.8b,DMAP_chi2,1.04,300,0.7335666666666667,0.7007904166666667,0.767353,0.07666666666666666,0.04666666666666667,0.10666666666666667,0.0
extA,pythia-2.8b,DMAP_chi2,1.1,300,0.9271333333333334,0.9056574166666668,0.9471194166666667,0.5033333333333333,0.44666666666666666,0.56,0.0
