generator,domain,n_ai_per_temperature,fail_temp_observed,fail_temp_predicted
Qwen2.5-3B,cmv,36,0.9597733711048159,0.9451969450802746
Qwen2.5-3B,eli5,41,0.965772646536412,0.974748922848878
Qwen2.5-3B,sci_gen,52,0.96442996742671,0.9438442645578253
Qwen2.5-3B,squad,43,0.9394744318181818,0.9049131866122051
Qwen2.5-3B,wp,47,0.9578166278166278,0.9471307299434837
Qwen2.5-3B,xsum,45,0.9190660792951543,0.8543816450869168
Qwen2.5-3B,yelp,36,0.9626158038147138,0.9268082769542187
SmolLM2-1.7B,cmv,36,0.9623192771084337,0.9255013575755742
SmolLM2-1.7B,eli5,41,0.9711181301326595,0.9362240496681712
SmolLM2-1.7B,sci_gen,52,0.959403578528827,0.9358113978125087
SmolLM2-1.7B,squad,43,0.9421805054151624,0.910939945173806
SmolLM2-1.7B,wp,47,0.9572074983839689,0.9307575130807602
SmolLM2-1.7B,xsum,45,0.9196555683122847,0.8467324118508088
SmolLM2-1.7B,yelp,36,0.9484916201117318,0.9142781399063385
phi-2,cmv,36,0.9796443007275667,0.9511660584414419
phi-2,eli5,41,0.9912844036697248,0.9806015867919362
phi-2,sci_gen,52,0.9639323467230444,0.9529561977190454
phi-2,squad,43,0.9702838063439065,0.9537357753343741
phi-2,wp,47,0.9935411764705883,0.9729676067852546
phi-2,xsum,45,0.9191496062992126,0.8369643678486145
phi-2,yelp,36,0.9670787343635026,0.9389087562021056
