generator,scorer,temperature,n_ai,surprisal_margin,AUROC,CI_low,CI_high,CI_half_width,TPR_1pct,FPR_realized,AUROC_predicted_pilot_sigma
Qwen2.5-3B,GPT-2 XL,0.6,300,1.2413856,0.98831,0.9789605000000001,0.99530675,0.008173124999999948,0.9133333333333333,0.004,0.9741573318363007
Qwen2.5-3B,GPT-2 XL,0.8,300,0.6217344,0.93784,0.91737175,0.9565560000000001,0.019592125000000016,0.6733333333333333,0.004,0.8350971468797199
Qwen2.5-3B,GPT-2 XL,0.9,300,0.22612262,0.7905533333333334,0.7595946666666666,0.8209479166666667,0.030676625000000013,0.18,0.004,0.6384894802517754
Qwen2.5-3B,GPT-2 XL,0.92,300,0.06882119,0.6960033333333333,0.6601255000000001,0.7329201666666667,0.03639733333333328,0.09333333333333334,0.004,0.5429506744175635
Qwen2.5-3B,GPT-2 XL,0.94,300,-0.038576365,0.6065133333333333,0.56824475,0.6469208333333333,0.03933804166666666,0.016666666666666666,0.004,0.47589283652931824
Qwen2.5-3B,GPT-2 XL,0.96,300,-0.1746397,0.4632966666666667,0.42749141666666673,0.503791,0.03814979166666663,0.013333333333333334,0.004,0.39214609123971844
Qwen2.5-3B,GPT-2 XL,0.98,300,-0.28243423,0.35457,0.3189771666666667,0.393314,0.03716841666666665,0.016666666666666666,0.004,0.3289961255478675
Qwen2.5-3B,GPT-2 XL,1.0,300,-0.45202303,0.27934333333333333,0.24472358333333333,0.3151900833333333,0.035233249999999994,0.0033333333333333335,0.004,0.23931739750695696
Qwen2.5-3B,GPT-2 XL,1.02,300,-0.64134884,0.17615666666666668,0.14590483333333334,0.20498608333333332,0.029540624999999987,0.0033333333333333335,0.004,0.15738850602431864
Qwen2.5-3B,GPT-2 XL,1.04,300,-0.87770987,0.09611666666666668,0.07562975000000002,0.12027166666666667,0.02232095833333332,0.0033333333333333335,0.004,0.08445405426089708
Qwen2.5-3B,GPT-2 XL,1.06,300,-1.0954089,0.06493,0.04726991666666667,0.08331883333333333,0.01802445833333333,0.0,0.004,0.04299490016305095
Qwen2.5-3B,GPT-2 XL,1.1,300,-1.7026153,0.02239666666666667,0.014561500000000003,0.030844166666666673,0.008141333333333334,0.0,0.004,0.0038075446252215594
Qwen2.5-3B,GPT-2 XL,1.2,300,-3.3498487,0.0028033333333333335,0.0004295000000000001,0.0066024166666666636,0.0030864583333333317,0.0,0.004,7.582432596167962e-08
Qwen2.5-3B,self,0.6,300,1.5298047,0.9973633333333334,0.9952190833333333,0.9989135,0.00184720833333335,0.9466666666666667,0.012,0.9917533603570402
Qwen2.5-3B,self,0.8,300,0.94916964,0.98947,0.9840653333333333,0.9939428333333333,0.004938749999999992,0.8366666666666667,0.012,0.9315885068415587
Qwen2.5-3B,self,0.9,300,0.5504981,0.9537433333333333,0.9412380833333334,0.9648629166666667,0.011812416666666659,0.31,0.012,0.805889948750989
Qwen2.5-3B,self,0.92,300,0.37575674,0.9135233333333332,0.8960018333333334,0.9324993333333335,0.018248750000000036,0.15666666666666668,0.012,0.7220560838443287
Qwen2.5-3B,self,0.94,300,0.2897954,0.8662233333333333,0.8425475,0.8894375833333332,0.02344504166666661,0.06666666666666667,0.012,0.6751664700493891
Qwen2.5-3B,self,0.96,300,0.13431,0.7923133333333334,0.7636668333333332,0.8209403333333334,0.0286367500000001,0.006666666666666667,0.012,0.5833680022154905
Qwen2.5-3B,self,0.98,300,0.02807045,0.7028800000000001,0.6720529166666667,0.7337503333333334,0.030848708333333363,0.006666666666666667,0.012,0.517546829921374
Qwen2.5-3B,self,1.0,300,-0.15227771,0.5852866666666666,0.5477030833333333,0.62085025,0.03657358333333338,0.0,0.012,0.4056769478393222
Qwen2.5-3B,self,1.02,300,-0.31604314,0.41522333333333333,0.3808890833333334,0.4525841666666666,0.03584754166666662,0.0,0.012,0.31017110295055755
Qwen2.5-3B,self,1.04,300,-0.60082245,0.3029966666666667,0.27048266666666665,0.33345816666666667,0.03148775000000001,0.0,0.012,0.1731659742212694
Qwen2.5-3B,self,1.06,300,-0.85157394,0.19090666666666667,0.16466575,0.21807591666666662,0.02670508333333331,0.0,0.012,0.0909782041338954
Qwen2.5-3B,self,1.1,300,-1.5727968,0.07474000000000001,0.059976583333333354,0.09029575000000001,0.015159583333333327,0.0,0.012,0.006846863423800843
Qwen2.5-3B,self,1.2,300,-3.9973154,0.013553333333333344,0.008011333333333339,0.01964508333333335,0.005816875000000006,0.0,0.012,1.859530809659638e-10
SmolLM2-1.7B,GPT-2 XL,0.8,300,0.62503624,0.95349,0.9346305000000001,0.9702475000000002,0.017808500000000005,0.7433333333333333,0.004,0.8363780968359955
SmolLM2-1.7B,GPT-2 XL,0.9,300,0.09200215,0.78291,0.7499189166666667,0.8141781666666666,0.032129624999999995,0.18666666666666668,0.004,0.5573303110014561
SmolLM2-1.7B,GPT-2 XL,0.94,300,-0.15676522,0.56384,0.5250225833333333,0.6036563333333334,0.03931687500000003,0.03333333333333333,0.004,0.4029520039139073
SmolLM2-1.7B,GPT-2 XL,0.98,300,-0.45108795,0.33959666666666666,0.3018924166666667,0.3835881666666666,0.04084787499999995,0.0,0.004,0.23977254744390125
SmolLM2-1.7B,GPT-2 XL,1.0,300,-0.67431474,0.21480000000000002,0.18542699999999998,0.244475,0.02952400000000001,0.0,0.004,0.14527414698728053
SmolLM2-1.7B,GPT-2 XL,1.04,300,-1.2170665,0.04481666666666667,0.03305483333333334,0.058159666666666665,0.012552416666666663,0.0,0.004,0.028219676059889655
SmolLM2-1.7B,GPT-2 XL,1.1,300,-2.282564,0.007940000000000003,0.003213166666666668,0.013855916666666667,0.005321375,0.0,0.004,0.00017332456026873132
SmolLM2-1.7B,self,0.8,300,0.7734331,0.9997033333333334,0.9990764166666667,1.0,0.0004617916666666555,0.9966666666666667,0.024,0.8872969192009477
SmolLM2-1.7B,self,0.9,300,0.27660394,0.98393,0.97708975,0.9898136666666668,0.006361958333333417,0.8166666666666667,0.024,0.6676918230833591
SmolLM2-1.7B,self,0.94,300,0.046049118,0.9151566666666667,0.8980887499999999,0.9317768333333333,0.016844041666666698,0.41333333333333333,0.024,0.5287695943383569
SmolLM2-1.7B,self,0.98,300,-0.24248576,0.7285800000000001,0.7013651666666666,0.7576590833333333,0.02814695833333336,0.09666666666666666,0.024,0.3519460852855891
SmolLM2-1.7B,self,1.0,300,-0.45349312,0.5500566666666666,0.5096791666666667,0.5868153333333334,0.038568083333333336,0.03,0.024,0.23860278136793833
SmolLM2-1.7B,self,1.04,300,-0.95401525,0.17406666666666665,0.14991166666666667,0.20126016666666668,0.02567425000000001,0.0,0.024,0.06741526115407266
SmolLM2-1.7B,self,1.1,300,-2.0104349,0.013713333333333338,0.006827083333333336,0.022014083333333337,0.0075935,0.0,0.024,0.0008131401159819662
phi-2,GPT-2 XL,0.8,300,0.73535824,0.9234133333333333,0.8954738333333333,0.9490721666666665,0.026799166666666596,0.8,0.004,0.8754625128337312
phi-2,GPT-2 XL,0.9,300,0.30059052,0.8396466666666668,0.8113726666666667,0.86892775,0.02877754166666663,0.30333333333333334,0.004,0.6812314055276534
phi-2,GPT-2 XL,0.94,300,0.08042836,0.6889666666666667,0.6478349166666667,0.7231500000000001,0.03765754166666668,0.16,0.004,0.5501590741551865
phi-2,GPT-2 XL,0.98,300,-0.25998306,0.44602166666666665,0.4044416666666667,0.48627025,0.04091429166666666,0.07,0.004,0.3418215136068611
phi-2,GPT-2 XL,1.0,300,-0.4966781,0.3054133333333333,0.26743858333333337,0.3465445833333333,0.03955299999999998,0.06,0.004,0.21813941284113086
phi-2,GPT-2 XL,1.04,300,-0.86694145,0.14147333333333334,0.11329691666666668,0.172034,0.029368541666666657,0.02666666666666667,0.004,0.08709827147319588
phi-2,GPT-2 XL,1.1,300,-1.8029916,0.03696666666666666,0.02152258333333333,0.055275666666666674,0.01687654166666667,0.01,0.004,0.002356621286972513
phi-2,self,0.8,300,1.1850028,0.9988100000000001,0.9965199166666667,0.9999733333333333,0.0017267083333332711,0.9933333333333333,0.01,0.9683708118196599
phi-2,self,0.9,300,0.68210125,0.98954,0.9844895833333335,0.9938171666666665,0.004663791666666528,0.8633333333333333,0.01,0.8574931507050918
phi-2,self,0.94,300,0.4555502,0.9543933333333334,0.9392048333333333,0.9664335000000001,0.013614333333333395,0.49333333333333335,0.01,0.762395214865792
phi-2,self,0.98,300,0.120444536,0.8089966666666667,0.7823295833333334,0.8335321666666667,0.025601291666666692,0.10333333333333333,0.01,0.5748691552553415
phi-2,self,1.0,300,-0.115775585,0.6387266666666667,0.6023286666666667,0.67447475,0.03607304166666664,0.043333333333333335,0.01,0.4280007401584235
phi-2,self,1.04,300,-0.48915982,0.31811,0.28536116666666667,0.353948,0.03429341666666666,0.0,0.01,0.22162751500683614
phi-2,self,1.1,300,-1.4360671,0.04536666666666668,0.03280258333333334,0.06078358333333334,0.0139905,0.0,0.01,0.01219628986989754
