generator,scorer,temperature,surprisal_margin,AUROC,AUROC_predicted
SmolLM2-1.7B,SmolLM2-1.7B,0.6,1.5019511,1.0,0.9907175735162012
SmolLM2-1.7B,SmolLM2-1.7B,0.8,0.8485503,1.0,0.9082435225891543
SmolLM2-1.7B,SmolLM2-1.7B,0.9,0.33474422,0.9898999999999999,0.7000962839443285
SmolLM2-1.7B,SmolLM2-1.7B,1.0,-0.47243047,0.5536,0.229502387892713
SmolLM2-1.7B,SmolLM2-1.7B,1.1,-1.9645634,0.009900000000000004,0.0010376019911578437
SmolLM2-1.7B,SmolLM2-1.7B,1.2,-4.1483765,0.0,3.958814516174567e-11
SmolLM2-1.7B,gpt2-xl,0.6,1.4395636,0.989,0.9879762453244408
SmolLM2-1.7B,gpt2-xl,0.8,0.6761043,0.9575,0.8553650390747531
SmolLM2-1.7B,gpt2-xl,0.9,0.1669879,0.808,0.6032377055654591
SmolLM2-1.7B,gpt2-xl,1.0,-0.6704154,0.2239,0.14667342860057547
SmolLM2-1.7B,gpt2-xl,1.1,-2.2313206,0.0013,0.00023493692358020606
SmolLM2-1.7B,gpt2-xl,1.2,-4.267905,0.0,1.1196219627965714e-11
phi-2,gpt2-xl,0.6,1.3712518,0.9903,0.9841945867563856
phi-2,gpt2-xl,0.8,0.8223262,0.9570999999999998,0.9012857520906687
phi-2,gpt2-xl,0.9,0.35107946,0.8776,0.7089367711361909
phi-2,gpt2-xl,1.0,-0.27453732,0.3737,0.33348534387974177
phi-2,gpt2-xl,1.1,-1.4701099,0.033699999999999994,0.010604373790230966
phi-2,gpt2-xl,1.2,-3.5924363,0.0,8.969934614817426e-09
phi-2,phi-2,0.6,1.9001186,1.0,0.9985504658191665
phi-2,phi-2,0.8,1.2751875,0.9984,0.9771810222425018
phi-2,phi-2,0.9,0.7399435,0.998,0.8769320244026804
phi-2,phi-2,1.0,0.104127884,0.763,0.5648233908122133
phi-2,phi-2,1.1,-1.0924692,0.0843,0.043417552803441326
phi-2,phi-2,1.2,-3.2299476,0.00020000000000000017,2.0677386805059632e-07
