generator,method,T0.6,T0.8,T0.9,T1.0,T1.1,T1.2,min
SmolLM2-1.7B,one_sided,0.989,0.9575,0.808,0.2239,0.0013,0.0,0.0
SmolLM2-1.7B,two_sided,0.9803999999999999,0.9515999999999999,0.7494000000000001,0.7101,0.9986,1.0,0.7101
SmolLM2-1.7B,feature_classifier,0.8771,0.8124,0.7741,0.8028000000000001,0.8912,0.9922,0.7741
SmolLM2-1.7B,stack,0.9996999999999999,0.9711000000000001,0.8506,0.8187000000000001,0.9983,1.0,0.8187000000000001
SmolLM2-1.7B,gate,0.9963,0.975,0.8428999999999999,0.8155,0.9969,1.0,0.8155
phi-2,one_sided,0.9903,0.9570999999999998,0.8776,0.3737,0.033699999999999994,0.0,0.0
phi-2,two_sided,0.9962,0.9709999999999999,0.7974,0.6296999999999999,0.9596000000000001,1.0,0.6296999999999999
phi-2,feature_classifier,0.9021,0.8307999999999999,0.7946,0.7235,0.7981,0.9619,0.7235
phi-2,stack,1.0,0.9861000000000001,0.876,0.7470000000000001,0.9454,1.0,0.7470000000000001
phi-2,gate,0.9966,0.9911,0.8512000000000001,0.7575999999999999,0.9545000000000001,1.0,0.7575999999999999
