id,role,line_number,source,word_count,text_sha256
0,source,105466,outfox,184,7044f9beb751e1cb85147d8cc9bbf7f5796a9e7b661ddbaf6eb3af54bb9eebaf
1,source,57160,reddit,275,57897bd38f998db0e15cc725e0b1502a9c3c93261aaca5147fce6fdc1fecbca9
2,source,107379,outfox,255,29ffab3d374f7d3cf950e1375c01862cfb5c5d159301ba697d89004c82a99755
3,source,4215,arxiv,178,8372fc7fb2c6ace102eb4d8a3ebff80f4151c5af22b3dc19fb412d282893fd80
4,source,74020,peerread,272,322dc97d0f2ed50467f3885f89982b38a9add88c600bd46fe53059d95374b8b7
5,source,19280,wikihow,218,e7ef4abdf96b078dd40cf894ab34c249f77f8c228491c880681d406417dc86ae
6,source,19645,wikihow,288,b50e5be0780b6f2ee44a93ccd036d0efbf49cadff086a09e656e4c8b6480e8f4
7,source,107381,outfox,219,12e718b34b944d0b95aa1e896a4de9907e62bbc4c6255e7825c716f4f46e66a2
8,source,9863,wikipedia,264,7eea8495f411b16e00f53556b3ea24994c41513a070e4aadbe5b6b5bc47ba488
9,source,56581,reddit,208,e21766b6132025ad93bfd8472e251c0045ea14a4d01517c9a864c6611c1968f6
10,source,104993,outfox,221,15b8a361dd0670bced02fafbd092411c2b0b856449bab493a161e8ed572173a3
11,source,104923,outfox,276,7db5b6b317d6d0d3f941319b55086cbc45194ffe244da5d967aaae759971814a
12,source,107237,outfox,269,d7fffdbb158a11baa5927f5ca4b8db62edf7e9ef65cc98fa1e3972354a049308
13,source,73308,peerread,262,c6c12f92eb5f6731b48c2984c83e082a5f8bf772bf14b949d4cf1bb67c120712
14,source,105715,outfox,265,d2e51f36d8d15a4be1c6f819fcb1dbe3dc1bb388efb7357fe0dfc07c9f5e7948
15,source,56269,reddit,242,7eece554bb6e792c2f28c9d7c67d02efd3566d8955498d8e3fcb9b267e286088
16,source,17026,wikihow,193,d7c92655363aa618ae28b01f34f95faf60657bb53f981534e5cc889c8b7ca1ab
17,source,107287,outfox,196,4bf36bbd2e327f286092e8e2c9b9fbd3cf887355b23bbdda270b0c30504192ef
18,source,74946,peerread,195,e814e391c4b236e9c778b092eea905b9ba31fab070c889dd280d41c90be9a20c
19,source,3424,arxiv,203,e7d13f28d2bee68a196d03c10d0da1c5e11ed6a5313aa2d24ccedff259055829
20,source,9505,wikipedia,274,8c5513b2aa7d3054a9165b218c87d84bde99eed3481843697d6b2c8e466e16b5
21,source,57774,reddit,203,22c61d503e1c6f172b191138f4f283e8173d606338bebe9f3e43057e6cff1845
22,source,107369,outfox,248,e63e5450af5783a11f7cd3a2b2f7d8b9cc8f5a2a9d82845a5562e69280463716
23,source,107406,outfox,273,cc18bb5b6165687405eb07defa85b7de6c5a40068809a952b106436768f567a0
24,source,18524,wikihow,200,d1e76fad04b998cb318f94bdf592122f221b455d4dd97f8dcde26b4e610e1726
25,source,56639,reddit,288,8f9d20747487c349e5b464d075908e4c25b5f677e0e7a46031f506fddd24f6cb
26,source,106708,outfox,238,2b57a03a4f02ed54f842ffad0104ee49de25aac02aa264ac806c6d0d06dd8c86
27,source,17795,wikihow,221,15efbf9f4519bd3b7104332ecb4ee6294e4a3352a137fac87c0558b389df75c1
28,source,58053,reddit,284,e5c6ae8d475cb71b522db528798c5663ff4a4ef72c87f6e5689b8a07c6d2a3a6
29,source,3625,arxiv,183,3ab5d163a53586207b99e0b9b464de6f6de89e16933d4ddfc2aaf0e7fff75c84
30,source,5699,arxiv,217,82da2dd2a8cbefc85928c2acd8337dc7b529b8604562ee9c86749fcf345753cf
31,source,18223,wikihow,206,e21bbee7169bef382ab654da91b90424c456a8c03099950551a3a48fd099d204
32,source,106849,outfox,209,933dc4e89140d9f099902ad5d5a383ead47defbc3c138cacc4b0b6e4b344a371
33,source,5895,arxiv,156,26685d33620d24ffee7dab82c321f8be50ad309e8139b82c253edd3375ef1f24
34,source,104835,outfox,192,39672d3b112212f38902e310e784b8040fefcfcdb39437d3d2593807761d0c26
35,source,105230,outfox,190,91802a816ea5b2923f9901e708684028e53965c0867abfdf333a5947956acd1c
36,source,75531,peerread,196,ac112db0ed9673c8a059398fe76f981ab227c86fd8a59246245e44cd7c32a79e
37,source,57285,reddit,183,734f485b5f917e5f580694a1767e7c0f824ce072dcc884d0e156118d4ee9ff54
38,source,8983,wikipedia,240,52fbd7ced6459560c7fe29c77190afe63482ca4bc828f6021ced9034f9dd4ba8
39,source,57441,reddit,253,a76b1a8daddf496c60c0e02e871ec4ab5e019346800f189d1c69c104a2a1e941
40,source,10330,wikipedia,164,69a5f1ae44d83ffc1c4230949f7e048c5808fea62e3137ef728131242e073cef
41,source,16861,wikihow,266,63bcba68f1719cb267273af3182f9828fca646faeca1608a7c183bb6af3c7718
42,source,75656,peerread,265,65f766c2956d7d7f9ae47b30fdb94f1bbbaed661df5dd724a05d0136a091f427
43,source,19588,wikihow,231,245ce522071187c2ee6e539ec913d3773d507e460c7e3da200e680f98d620bab
44,source,18171,wikihow,298,89b668a5b2f6897125f96cb3a13bd7e3bdf2442872185f0ed02f6c68db51968f
45,source,17158,wikihow,216,cbc0a5ce84048227caaac40b6fdd5ea2e2aa4dcc51c51bb879ab67f84e6a554d
46,source,55707,reddit,272,ef912b8173b2800e4ea7bffb84333d072f09039cc448ad94b729240f9ace974b
47,source,19097,wikihow,200,bd5ce25cb9923de46741ef4f352c087a20c84ffcef3eebae85ecf271253c2ccf
48,source,4669,arxiv,167,a891bc8c0c57d314855d5a458b0bb8134dbee230a6a36ca125dda60bccc76199
49,source,19586,wikihow,299,28a9c7f88b2f60d36c0a4ab3a0326a280f6c50a5a5d0c45c01fe4a7fe74a8167
50,source,4032,arxiv,212,546fac3457e38a38a79fe0de7e00e955eeb172eb45481b4592412c802266b7e4
51,source,56420,reddit,204,a74474985c5a4c6b049b042c63abc650c1a3cb31686e4015512fa736be8c3851
52,source,74141,peerread,288,c8fa33115c514d834f4e69480ff849adce05cd79c7d19e01ac2c829edfb422e0
53,source,56529,reddit,206,9af1e617c8c8d78761a8c972c6c6344d5ab0693b5eb4a0329752d8f64b1a35cf
54,source,107189,outfox,276,b53ec86346480f395a8b939b1630c63f1639a62e5be85a37aa4c5165653f7734
55,source,9743,wikipedia,135,dd2ba65d831e8199f2bf3fee304a832024b0d453c2101e80f8306cdb4ec0b7e7
56,source,18949,wikihow,275,67db0f1ceb366b612c71ca0e6bb372e9d75f4a70058c3d8b29d3cc51adbf29d9
57,source,8942,wikipedia,256,3534174c49d7206a8daf048c5d1a5f438c2df09bfe611775ed051aa4ecba9cc6
58,source,9717,wikipedia,294,8ad5365c8a8cb80a633ea4fb41e956077a5f109b72204276afaff1dae87a16f3
59,source,105246,outfox,185,696aa0f07bbf28673c554585ba39c055507cbb9c88c5a43a4f16c8954daaf426
60,source,3137,arxiv,140,fb3c80d651f6a962417365d089b7248e5167bb71c09a7f5fbc26add1f7dd11d7
61,source,57468,reddit,209,129f2721bba22cfd4d78729f5888633435c65440822c974d44e9951a73303953
62,source,105167,outfox,238,b03b1b1a82a0a5b79a0992469184dba0551a857344944d824fd3cfa22bc742a7
63,source,73246,peerread,254,9e67bbd5c7c62431c6f12627917824cd2a943a0bc3937d27a988b0b1186238d2
64,source,10217,wikipedia,269,302823d6fdbd4577007f9cbf93bcac5c5340626e188d19b7f7aa8e31d2e5b08a
65,source,56149,reddit,237,aa131ce0f964e753b60ad64c9cd37a82cb414bf2902b4d1b97025fc794e2b3b2
66,source,73079,peerread,207,8fee8d6e4ad9c7d5b5c423e6dd3c115b8167cd12c6d364ce6d7bd57a8c21a0f5
67,source,73842,peerread,252,e3b19967ecc445ecd20c3e663de72a97dbfa1153fa37030b2ae9f58758be7792
68,source,10195,wikipedia,171,3f6be928a8ba322d2e6e4d699f25a6ca28ac0b118cbf86c5352278960d0f3741
69,source,58271,reddit,193,9d4e7a1357beee2f18aaea3d323602a9a608fb2c98e9fa52f804737c7b007e65
70,source,74245,peerread,218,8af54dc9ecff759daa1d123630c13d1eb3d7a6609a8a0f6dbe0de756fdc7528d
71,source,56870,reddit,288,cc662fff15d07b93816b97956048f15e697dc01ad3256ba857387a32c4c04628
72,source,18493,wikihow,247,593fca70ac806eaabe65f19b08bae67f8848b3bd3f24a67e39d028463a3eb951
73,source,4453,arxiv,126,c1352463a793b2abcc97eb44628a6175bdc07f9f384fb22b268db0b2b16a5088
74,source,3708,arxiv,188,cfbb9aa0151c0429a617cfdff8e676e35d7ae256341984ae804d7dfeff9c2fa0
75,source,18221,wikihow,193,5f9a3dc17ac38888fbdf13a0bdf8b2bf2c767cd19f3b548ace53830f36da4381
76,source,10118,wikipedia,193,2a0d993e0bc344d4bae08b1858b098da71f2540d4b36623e890e0b2caeef8ead
77,source,17524,wikihow,200,558c74e7e592beed3d0ed1eaa1ad0132ef25ffb0419e874b943e38795e36fe3e
78,source,75484,peerread,172,f4fc6cf7a2e145deb567f26d89e7662df26040f32bc05268f20636404d613f4e
79,source,18691,wikihow,249,227c542c57e65e3c71b45249090f528fc1c11b31d5e590d5320aff4c809978e0
80,source,5795,arxiv,136,9e0a3b08de6a9b7a85f56194ba18056c46cd1407d0e7c5ad6d2b8bc4e32e54fa
81,source,17913,wikihow,257,517271b05f6783b4ad883752143f0b8eae8cce13cadff23ec44e141d7d4c1e5c
82,source,56178,reddit,173,c62eabfec542f47932444302e3da149226e4a52cbca110e609e930fcf8a14110
83,source,9387,wikipedia,251,8d15dd3b09f303afa7d5ebdd277b9e2ca67976c7d3f69988bbf2f27a3b0041a8
84,source,105612,outfox,218,cb2a7e9a731249b56707364e6eccb08e74a76f3ca1d098b991061f8e92acd52c
85,source,19046,wikihow,232,ce000e847cd3f2bce601b0f32c59599b24efd4ed6abccb4225831e2eab5c9c95
86,source,106399,outfox,187,aca352022a4bedc02d07fdd319d0d345a02d5fdecb852c71523c65d3857661bf
87,source,4992,arxiv,171,3090a8a68b81519e4ace7f79234e92b172a4c6ecd4e91e77bdcb213fb6c0405d
88,source,5214,arxiv,221,8789735a816fea43eff477a15ea353885f0f39d72c62a01f575bfd37d9d4fc57
89,source,74253,peerread,226,41a178d6ead658d745b2aa494108a7a2a8a0efbf7ef369081283d37c272f925f
90,source,9150,wikipedia,175,d56d8b187dd09f77a62b74dee097c9cd76f594f3152344e509386272c3f99646
91,source,8877,wikipedia,256,366246d8f4600608b499beeeddc29366573cde651a6d2dd897e6ef6f8daee125
92,source,4590,arxiv,144,afcff514aaa3dea43bada10d4191d748a36e95d4a2b94c2c7c0d954b6e9b12e4
93,source,10405,wikipedia,225,38b29083e27927783a058584868323271a065e18c0e1db3d4a37d347426fbe54
94,source,19077,wikihow,191,38c005e73e950d9ed43ac82b7ce25f7d1954af4f023e18f9e358f3b80813af9c
95,source,107072,outfox,232,324cd4bc39641a047873680b545f1a534ea6c895fd36ad3b1be0f6286b7875bc
96,source,75264,peerread,161,1f1a099392134fd6c19da2b40a2dd3f610f229ea7f2ae840ab3ae628bbfde74d
97,source,8672,wikipedia,123,c4ef445d5172eb6bbaac3459b7f92b563a6507898665744230fa584acf0c4dae
98,source,106938,outfox,243,c90047dc324c3bc8d7a04583d5eb951a706e96aa89be96e6c118b62b52294e00
99,source,18165,wikihow,270,fa9858db30352c7d1fefd232aed16900971de5b58c6c63a38c5ea1e686d154c4
100,source,8578,wikipedia,174,83276868a395a7111de9aec134ca1dfba5aa72a1c9fcf82eb51aff9e68f6261b
101,source,19100,wikihow,296,c3623457a2630a2031a62a3f21be40645156b2c2786b04f60ffff3494cdd39aa
102,source,18155,wikihow,227,79c9e8d4e1eb69be1867d43dd4ebeac43bed38c1ef583eaad1211b5edf0a518b
103,source,10588,wikipedia,264,f1b2ce0a402a3c88a61eeab5ac8eaf0ac468874d39739261967a06b04f440674
104,source,57944,reddit,209,2d0c2c70e7dfb81642e90eac53b3e9684a897c177a556ed5dace968c1f68c57b
105,source,56890,reddit,267,524e0e016d26a394747da0a885f92582e70c5d95be25eb6658cbfe5d2f374143
106,source,105872,outfox,272,3e291b72b9d4800f8d236701d1b35e845cc44bede66ce2030e15cef088206126
107,source,16731,wikihow,247,bd7bcf3d81e3c05ce6c41cd957264aa41d485c6346aa805c8ac8cb697228f7b6
108,source,73406,peerread,284,5c330401a612c0b29a143bb1e0d936643d75dd286016e39a175e25bb0c9172c1
109,source,5151,arxiv,228,81a53d43dfd98bbe858e5010862d98bdf490650524e65017225d475288f5d114
110,source,5751,arxiv,145,6c7705d4d65ed67d8ce3ef31f2cad3aaaf6c9e97013a0d1d016f825e98969184
111,source,105358,outfox,184,df7202d63d2042d2ba18546a3a5fe72a89149a5de3c398147fc393dd9bb3189c
112,source,74572,peerread,250,71e983f2859f8f43a10b7b3d070b4a7b9c3d4221f2fb130d4c278d818ecddba1
113,source,57508,reddit,179,1dd085068114354e47f5f1327b2f73b40f41f2b5a14ba98b81a6b34990105e0f
114,source,5444,arxiv,250,fcc22d92fff8e404206ff3a877be1f679617f9c53e89fa865be50f890331127c
115,source,4970,arxiv,149,39496883dff8e3ccfd698f455ed34a26dc3c26b2dd3c43ddfa43075d13c2a78c
116,source,9084,wikipedia,230,4acdf07287554899b41359751973c2e2a4e3b359884f004167f5ae2716ff7923
117,source,4150,arxiv,247,252931bd27e3c4f08cd6c7a77d84cb190c7c6b75a96b6e0b98284a53c715367d
118,source,4247,arxiv,162,3d21b8effbf466900638c4b660b97a42322de3ad2d427655036062a1b5b1cb1a
119,source,56556,reddit,204,6aa57879c2f846e4b07938589e9ef1678400e76e3eb98e9f87a5ff958ce0d6f3
120,source,9222,wikipedia,261,49ea664ac51d4e62ed6f991281c2e941e53b6430b38e6f184d2ed5663e0fd35c
121,source,3872,arxiv,178,a33d95301a4ad6cee76b361482062bc66ce4489879ef2517ffa596c396497eed
122,source,57608,reddit,177,87e2973730447724cac57010a1c66cdd3838d7b2b01f6539a89f3f690da71006
123,source,17954,wikihow,273,8b7e6ca1868f49247e35c248b9686cab1cda3a63c21f67595b0c202d711e1d92
124,source,18668,wikihow,162,4cd6e41a476752b2da81e68ae3fd7f57ccb0f6427ab03464f38d25b1e7dbf3c4
125,source,107329,outfox,200,38eaee090c81dae229e6082a714f45e1d2876aa4ca41001c78956f6b4dea9c35
126,source,106428,outfox,243,8000a643a6081dc1f227ea76fb9fccdc023d0b11b43661490ca6bb66a4564970
127,source,57943,reddit,286,1c9d87a540fc0dd159efd018ad14dc6f9ecf573a68f3697b2cf8643aa9c0923e
128,source,105838,outfox,282,a2f8178e798d067dc59ec68ee0364ad39acd68d75fc3a36aabbeb09b45340368
129,source,10511,wikipedia,141,3ea0ff431b54d612be81bb3603ec0f0a1e25c739ebb1abf25376ed2695374aa0
130,source,57165,reddit,235,26158b755eb4ed9865aa79601d47c59ee264f15d6403c0b8cf8ecc4d125d732d
131,source,18829,wikihow,197,16b859ae4529b686fcfb4d0f3a00ea8b0cf772177892345f25c04fc0aeb331e3
132,source,8613,wikipedia,238,cb8c6c4a600835be266d1a7f0f2f9e25d799a36b775fde1e996838be214d5111
133,source,56249,reddit,227,3dab82ddb1c76c55ef7f9d1262dedce25873920884a5e5808ecbd14f16172f7b
134,source,3342,arxiv,142,996e493f5970916ad9a2f266e419c246dbb34a452560ed81142e9b2316be87d0
135,source,8844,wikipedia,150,757c8f6eecac73ebe22b45080e9d108c13114b4322b8c7dcc3818eb0f6b89bcf
136,source,17024,wikihow,264,2e10f1d5a5007fdb9634bc37f975be8226ea97fde33a63c73a9536c1b401e1ca
137,source,9734,wikipedia,208,d66ba6381e950a8d2cad4da5ef140c2545b21a40013f306a7996f0a8590b46cf
138,source,19226,wikihow,211,2cc08d64c323ed223f1c1c30a85ab09e98c46c290c2a07f309792a27ff7ef31a
139,source,105283,outfox,212,e59081344a6d293def1d3d6155263406685f6982f686368019ed89053dbad072
140,source,107787,outfox,200,a8f60847b9dc0c1d598a4209f308e9074a3e95cb5d4dd85214832d560df167ee
141,source,10378,wikipedia,230,7fd847df5990c7ea46afe8109e10c7b642850ab3e4e5c9a5e7d4c4c4db79489c
142,source,75265,peerread,136,39a4c9061917b4638767d479e04fe052bd8ac162c592dc174eee9e2bb5988b94
143,source,106303,outfox,293,6d05f8b3a14751958020ab049fd69538df6d418334244ccc1ec995c4d984f9ee
144,source,74021,peerread,162,b1961b3cdb46bc604f7fca1de83a9c2b82209b6588fe219808703664973ab140
145,source,3111,arxiv,151,599c221a8e30e2f5ab8fea2db9d888e7eaf8beaad21c49bad4afca470034944c
146,source,17496,wikihow,260,9d8154e43c29b336f0bf0a2ee684f9cdccef26c4c62396312dc88ea5c6efb218
147,source,3705,arxiv,185,5313ac25125ecada26aa63481a31106cb62a4b172235d9f6066e726fe808cace
148,source,8561,wikipedia,141,64fb7e6fe7e3f903f8ea734edda6cabc8404ad21233e4ead4c2c76a4ebffd3ec
149,source,75756,peerread,206,e2d368d1c5efa94b95ef3c6064f8094f91f8cf319f8e4136070c0a08e529c6cd
150,source,56123,reddit,211,ae9f48c9a69724ef12c06584b539740f10a23ee3bdd77cde5d5a4ea88272417a
151,source,19295,wikihow,208,950f38585c5c364d331e1d86813a82f02dbdff0d7a3efe092091a029d0a51446
152,source,75144,peerread,138,1a3ef01aea413cc9edb957fa266bc84545b5834e9a71e3977325b6922977120a
153,source,55848,reddit,268,8222302972103b07e7e3ef3c2854cdfb44cd45da957de16b22680310dd533e8e
154,source,17468,wikihow,253,4351ec7f362109f0648a14a4a877924a59046538bc6ec0e9211d4ab77f75ac76
155,source,105941,outfox,220,cdfaae7f4d3ea0784696819d3b97a5cdc39b4b3f2434faab0970e50d25b4b0ab
156,source,74233,peerread,249,9fd211cd01287453a4add9a0d55e49a7d41526d8cfbd1a1af343aed6450bd3cb
157,source,3535,arxiv,236,d43ef1ca917a60bb65a903d0eb488da9d32c5f61df8c04a15f128a8145a43d1f
158,source,105074,outfox,238,69e34297ede55c6a0e47aa9a0d8e23d5190865905d1ad54ef3052c728ffa0f9a
159,source,74090,peerread,274,c8f9ee814a6fe6e19db07e9779634d03d6be7a86f99ce3075527f24b8693b9ff
160,source,4438,arxiv,233,9939b519a800d0ee701898d31a8d3481ffb1dad0996490bb099da62d8211f172
161,source,106835,outfox,254,2388f3aa4ea0c7819f1d10c7bf719415f542481f792c2774c8e18ab09a0c3c41
162,source,74271,peerread,136,54cd2119a9a305a2f9577c3125daca058a3329293955963cfc7a2f35bf4ebe4a
163,source,17705,wikihow,285,f5e6ff37acf61c3ad983146ca51ee6460e75e995d42a866bc05895ce60156d54
164,source,10189,wikipedia,232,534b5a9a08c65b05a657cf3d4551207cda8bdd9a7dd165ee9390209eb20de1bb
165,source,105473,outfox,206,dbc10ab2987c5c1b2778c44841fa10d10803ddd559eef18a41022861a5f89002
166,source,107153,outfox,203,2cff2a290ffa3fce38e0dce25960b076d5b3e3a0d61bbd27fe171c7c1015831d
167,source,75361,peerread,299,2675cac070e49e91a02604f17de3012e4c0ebedd615ccad57ca9209c005b5a00
168,source,3714,arxiv,156,d5238269f4a0ddb978a8648d11d1ecb4f82027e2600e0e5f929f70e596e7c537
169,source,105265,outfox,257,5e02261a40f59ece2182c9fcf60780b2e1d3ed5104e62c7826ea5fb7c13df7b9
170,source,3398,arxiv,128,5affb3bad222616bf5b730374144372cfa428bce907d611904641f4aaf80490f
171,source,9314,wikipedia,174,90ebd02c198ffa7cdfb2248fe37a9f9561df0bc0018ac385acbc674da9fca1a0
172,source,4225,arxiv,208,1f8b94c4cc9f4903fb99e64d23e8a7bc9b4cc941013582e50ccc9321462bbd0d
173,source,9634,wikipedia,124,a89181fdfaae72c58fba3bf97cf35d2fd89734aac11ca00a8d884067e8187bff
174,source,75216,peerread,142,ff532e65f02648c1e00c480960b7de626d25b47e7d6eaaa5c99d3e0bbc3a9f82
175,source,19448,wikihow,259,d8633dcead492e22b7548c01656e5d54423cf1ee13ed39b1614636d61265f067
176,source,5203,arxiv,142,a444885dc08d053bfaf9d7d801f5d69ebac0c06cea4087434c74234176e41b60
177,source,9713,wikipedia,209,6ab72f932b03a6fbbaf7fc65153544a1ae2d5f8abaa45cd212dfe1d996a15675
178,source,57935,reddit,216,6d5bcfb837d016cd25df73ddd0215ef1d3fd835fa8182f8ddafac75615c1db9a
179,source,106270,outfox,251,8170b612e71522c423bff1bc56add30bc73812509ef88e7542df41ad1cb21297
180,source,4037,arxiv,247,24b5efd869a2a88593184e855b7fd86067f615ac9982d06816f82e569925a7e1
181,source,56267,reddit,263,1fc018b6298005796d8645c6eb7f041916eaf28f95ca3a7933b7372780485bc8
182,source,56159,reddit,289,94e6fb2abb2256571fe833e97d0c076f3e8958b803f3001690c7f1f6c819bff9
183,source,106185,outfox,241,7cf9f3c72e1e906657d68f7fd89d3f5e7299b09c0fce0ebc1f257d566683a456
184,source,105085,outfox,183,514fc17f6af84f872d1e6d3eb3ed1d755bbd64936dea1c1524a570bd38b84ff3
185,source,74789,peerread,157,7d9aa9bc273a150ba517f28e712d77d1a4c5b3f64bff14f1b9b974bd8499f1e6
186,source,10023,wikipedia,149,603cb2d066d4d1737431fb9fa0885579e266b4ad9b84eef38f06b11bfd7174d1
187,source,9298,wikipedia,211,cff2baee2a10d0706f835c711b49f9a2651f3d85b80e6a90ec931420303eb037
188,source,55376,reddit,274,e7fe236008b0779f22284b26f3484bb31c7ba8bc1b73c83c67d68488075265d5
189,source,56384,reddit,225,b18bffdc58f0afa63f4009d6c440b7a0ff555dd645cf488489e5bc4a48bed80b
190,source,75575,peerread,300,56ad305207eb8a380a143e1b00af2b0cadeb56722d432361167f051ae6597151
191,source,8767,wikipedia,183,9439777e423fc1ab2afab63d9b2552649b5c1391c81d4917bf8d10949744280f
192,source,19193,wikihow,235,741141997123b051b775fd16b2d5c06ac66bcdb6228c5ddd1fe02374da486ecb
193,source,4337,arxiv,233,958e02f05755b859ccfb4cf72cbc7637219d9bb7a997775aa973c1dde3f65cbe
194,source,4740,arxiv,196,e3144a7ed1ad195047cb258b2cb084e3ee88da949d9a166d126edfb769621f23
195,source,75469,peerread,289,6a785a1407ea8ebbe53239777680b61bccdcda1f7041a5e8da2b4bb5ca9380b8
196,source,56110,reddit,183,cedc3dbbb1db0965468c3db283b70e1000802b604f8b13a1c24e4c0e9144739c
197,source,105531,outfox,279,86888defe1612cd6476ad8f64722bee3387b6b4f983cc3510882e058bae27472
198,source,4867,arxiv,150,450f21631d395bc53f15917354ce365a885d4d66191f104f9accb6f5a067503a
199,source,5663,arxiv,196,80e166fb82d7f8a97854ec984150b1de152444575f85d0331c8e1e8a2bb6ce23
200,source,9707,wikipedia,192,60b505f4e0c9869acd2a50ee2c1eb01d1f03873aee8ebb0ff33988e5aa9a83a5
201,source,75368,peerread,123,c11986f0117d9dadc906496c618965b4e3caa59871e3e4df0d740d070099c233
202,source,74767,peerread,176,889946fd44b6b5f76534b05c874f8e7c6dbe5fe0dd4c0a9d01e3d373855b9a12
203,source,74616,peerread,211,3601a49bdc9deac30a045694ab93b029468a605e74290968373d747df99a6fd4
204,source,57028,reddit,201,a70779c9bffeb936152c0ab0fceaf9269848a6c673c47d733165788a93563480
205,source,10440,wikipedia,128,d81033cb0ca11577894ec1329336a1a558f182c8e5e8cc579466b2cd6f6ec52b
206,source,9553,wikipedia,256,6e56c48f31c2df95691427ee69f767ab97bb3f8bccd780dbbb49056a4295f1b7
207,source,74772,peerread,276,63e0d1717934cc7e23de4db0ef0ee4fe6e4bd8f847edcae362515843063ccaff
208,source,9004,wikipedia,184,a640d165cd3d8c5e5897c3583c777f65bfc4f57ad8d15074b6aa4f1f84f3d52c
209,source,57828,reddit,176,ab43bf9ed7cdaac25c60b999794f39271ea5d9f3b5c2d93d26ac4ac8e3293a88
210,source,57331,reddit,280,1dd4d46a692507acb0e0e1bc0e69114f3de70d6e6459964be8deb77d8c8bd0c9
211,source,10458,wikipedia,120,1eff873e66fc146fa2fb4d21cbce3b06c1fa800c1ded506ea603e0cce297c8cd
212,source,19625,wikihow,219,d0592109759bd346233c6fa544d9f396e108e40e80784424e34faf8c11ccd3b5
213,source,10611,wikipedia,267,5903b8fc61bac2415db1bbd49e4ea60ee78e40b7b30ffdf507e904d41333f73e
214,source,18573,wikihow,207,2b01e475e131e9f934f5ccd2d2fe0f75c8e5b1dd9d8efdbc7b8edbc4604c42a2
215,source,57813,reddit,276,9c07e6aae71c451bf46b4f0cb621e3fbc2d10181367574ae57470f59a55d1ac3
216,source,74227,peerread,245,505ea17d9a64df7757da40a23a2bae6fac4003a7cf17dd77488206ad0b370256
217,source,74058,peerread,185,4a8825cb1400929aead78895e579598e105ad77940198a964ee18ecf05646889
218,source,74487,peerread,248,151a6e827224f11a032790179ecea2b11367453c18014144cb89136f0d4890b5
219,source,9972,wikipedia,231,98d1de5179f14865e6b020311390a23916d2bcd1586094238d60b0975d00f52a
220,source,56121,reddit,169,72e6f3d4180b4f007a27e147c4862636ac9d5b971fdc7b89c2eff8f84b12ab5f
221,source,74339,peerread,249,8b7786e5b8e39fe984c8f5953fd75b9d13f522c665f459328a89e4888f603b4c
222,source,18604,wikihow,183,925c4f64e020b1f2632b82c15e9503599508afb87d853039e6bc27bae8833c52
223,source,106436,outfox,206,3457d6442e7e9e91abcbe5fac6d61dff86f994a6ab5dc74374bfe3a913e1a745
224,source,57154,reddit,198,15354bc538018f4ea6e043b865bca7eb0aa202be6963d193192ec5ede3e2af13
225,source,8537,wikipedia,164,40044e71caa4f122711ce5cff9eab2d127f7c1ec559e0413017ab8eecac93ca3
226,source,3432,arxiv,155,a45b99ec3767cc79c77944baef6adc1c8ef66de98f6a17e7d5ff812eb3ba0028
227,source,8545,wikipedia,232,f0d3565d3187483b448c4d9715ef01fdba388987890478964dd48faeb70a005b
228,source,19419,wikihow,162,91cc2b85f439fa09642742dbd7b8f0f26cbed8e0a2347240ceb4e65b90d5e3e7
229,source,56889,reddit,204,9d7cce5a7e780cf1559a50f099ec397161b2d8b3e9169ad7e469da829fbeb2ff
230,source,105781,outfox,191,cedcbc79f5ed8253678769259ee392dc883d26b9f49faccb28390cd890547485
231,source,17757,wikihow,214,632a97f1496f21237ef4ab492a29cafcb6b4be8cd203a9492653f572d05058db
232,source,105052,outfox,199,d568f1ea18eca266431fa131243774f09a2dac514cf39e6e4c6f18ad4d42edbd
233,source,19288,wikihow,193,7532e742fb534412d0b9de0d907d0c399174e366e9397cd1e23db9b5016a89a7
234,source,105468,outfox,279,e81f33425e84b4baa0f26dffe24d659de6c5e7d516c7f406fa6f261887dae20d
235,source,55828,reddit,241,4cff2e6a7030263e4e480fbaaa683313c6929ae7702f011e2e00bab799daac7b
236,source,10295,wikipedia,145,aa4a7f025ef2cac76bbbe3bf771beb02b47c2698a376e9814cdb3253672a63c5
237,source,3171,arxiv,218,1ec81c30a0b862846a0351f97dd1d34c651ae6db733329301e30cfa73153b232
238,source,107521,outfox,258,b545ff5bb84877596d3145c958f7327bb1ecd9b0cfe714b618e91c35e10d629a
239,source,8768,wikipedia,190,ec141633b776607370bf4b20d5fcad7dce187eb9f1b7f2ab4568d8aa4c0dc27e
240,source,74094,peerread,274,7b6eb8f22f384226d2a47322e36b4cf104c6ac0ac3d38d04bc5af9644d2fe2bd
241,source,74075,peerread,221,3d0e4aaee509b7cf3a1262a22edee9f58db5809896a4175edd83b3ec749fc461
242,source,5106,arxiv,139,b7e0f824c03c94be26e28d6d338601a6d07c76b1617c692ef2403f30fd21963b
243,source,56276,reddit,159,8daccdf6c2af304ef779c3a94fc22603a94d85d1c84cc1e782637913109ba44c
244,source,57979,reddit,215,f9894954fb0af51d4cd6d71dc246425f3233f91cd7d882020b6ba6104f1056f6
245,source,73070,peerread,250,52a8a33d294637eef175e4bbcfa30ec32fde1f2135ae7073c26498f8249d2c4b
246,source,5750,arxiv,183,208b700d9f1ba0d8d5ecd56e792c12c3f45621be61474a11ea48db7c6aa99c54
247,source,4351,arxiv,213,70137f13efb0fa1f241ca02559eaf5f6efdad26fd3d702bf3ed021d115ac5d2e
248,source,105697,outfox,298,7b68ec383c7a629cb0148a37bf3a9aa1b9a92857946050164b896a9c551698a2
249,source,56620,reddit,193,8621a8e48ab9c6811e13db410a88a8565e7b71537e24e4020364fee316ed56e7
250,source,75476,peerread,145,dbb94af15e0346defe22b9fa57922236cd36e812f4e09e0542c393e6d64d346b
251,source,4827,arxiv,169,493ce58c2c80bff71aa3651ae15bde34c764af609170a73a291b4f89e9076fef
252,source,18578,wikihow,252,b294264c778397133356744c68c884259a81d583b293be762bba7ad9ed23ea6f
253,source,5033,arxiv,134,8a63ef559253a7a02d4c5f61a93d4a5da90b8f9a6a6a52c6b8b1330b3c4d14c3
254,source,18482,wikihow,239,514c6001e9954b8a6499ab6eaeed10b63d5a3a843ea4145fbd6323192caa4287
255,source,106983,outfox,254,89e816dd18b77cf5b2d8ecc5b811f675ce7d6829f8bdd13bd5cf9ad8f54e5669
256,source,74769,peerread,276,cf78f7517d215e7258b5d77e233b01f1f052838e742891f20835bd6549a0b3dd
257,source,16859,wikihow,215,46768e2520c0d8ddc264b8559df2afea27d4b73a6361f0ffe4da97cd00b890ff
258,source,18811,wikihow,237,c6f6c8350c7afce4e40afa2bf51535826260312fd6e52b1868dfc6f8eca7f7b8
259,source,8764,wikipedia,188,ca520cef2ae55e8415b46b30b198970edec33804955b89898b99feb9d1f93d76
260,source,18509,wikihow,291,dba8d9d7a9d510e50d2b16c48ae5d599776baa05776d57b6724e2abeab85f905
261,source,75738,peerread,197,1bbfde71754feb8bbd378b859957db68dd82be6e19594bfc8f8929c36fb1d8e3
262,source,73283,peerread,123,9d9f29b06f4e3f14477e574e2979aed7e21d3506b46c23469ab1d250400d1a76
263,source,56877,reddit,262,2edd6c36f356c220ddee1ad191146c10d6c06bcbd207ba29d368137b170260e9
264,source,5599,arxiv,231,e0c0dad31fca0029e9041f31e39e2ba37207ff4d53a154081b4c73a44537fbb3
265,source,74295,peerread,165,f71ad12af15547089190fefeb4a3e6020f72a64cc7ffeb4136297ba59becf53f
266,source,56551,reddit,190,aa8f869dbd3d8c988ef735b746c09e3265d84a78b8fb481a2e191e746f73ca84
267,source,58234,reddit,186,e8d27b80d9c394c75bca68cc66e6d057ffcac7f3a292b2c243e3df05c5d50ab2
268,source,57873,reddit,215,795720903199122eede0eb169e2b90eb55b425f0e02ce945603bb5c3c9dd2e4b
269,source,74589,peerread,190,dcab119fc9fb18cb484a6b6626a3b721f823378ac815a35f13a6765ee4fe394a
270,source,19027,wikihow,240,6fb7fc316bcefc129a0eac40b85c50553ae939baa0f4c00759fa7cc67bccb292
271,source,5544,arxiv,177,d097af6588e3c94b420dcc0dc87604fdb68f0badf86b6b475ac026e7f4b54e51
272,source,4120,arxiv,222,737d811f4c78a42e661eb9f0cae523567a3e56ee8d6ef377e56e1ffcfb41f40a
273,source,73215,peerread,222,a3e0e3e9ce9f1304215ac6bd2eee93bb99a6a457acbd5528ca4eb437108617b4
274,source,9047,wikipedia,257,324e15d5855d6e85e9c1b71b62236ecb8d668a79b20fafb4c1aeab8f482931f0
275,source,75755,peerread,205,8b828e8570526374acfc9010c5d7e44244e40784ac66a350540fc06169fd8b6d
276,source,19171,wikihow,170,4b429647423d788a65fb898ed428bc4a1706bc7630ef25247f63c7c8c594853c
277,source,16800,wikihow,184,48f9c9c6834b7c4d9ed4a7777ba82559e0b843104d6d3de6c85758147c8124c3
278,source,106356,outfox,221,34500194b3e2ad073b18bac91f23061d14ea607b6b3acdf942f44326feabd055
279,source,8390,wikipedia,160,fe6be0ae2f4d90706c85b291a9039b79c046d840c0b433eb8258fe02202ebdd6
280,source,56905,reddit,284,7283fbb3f18c50b94621aea52a99c9f108b58d83289182451b0f044baa3a3473
281,source,3012,arxiv,243,1ddb8b50f66d786137d87127d7af3be2afce855e0c07df01b327d9e8b3cbb427
282,source,105344,outfox,240,5e016e13a2cf1c2ff381e863c51bb9877356a0fecf948d85d14e34b8080b2f00
283,source,74957,peerread,253,abea1a17246f062bcb7c4b122429be2bd0c23b71baf9f22a937eb190773a80b6
284,source,56609,reddit,178,b2ed88d48c1321fbac362a55c230482264ae32b254bbbfacef727aaf0bf404bd
285,source,18311,wikihow,257,7d14fc7c038b61a7b5fbebeedc17d6c2f06dfd2a8e205835a4790714e98425e5
286,source,56687,reddit,230,76f6479d9816c562017656717a866840f8dd1de9305dbe35a4fd5968d9f8ff94
287,source,5929,arxiv,134,cfd2ddb31fed3ff7b1ef2169752f99932216bc88b2d02871c30f28f4a7de3fa7
288,source,107572,outfox,226,9b0eb71b427d006300d5561da67c19df09f5310400bb10dbe20021d09ba1861a
289,source,106061,outfox,274,aa0bcf9ef9e7a1766896fcbb7ce0047a435bd9033453e8bee7505ac05118be4b
290,source,74345,peerread,156,9a7c9c8721dd7af2b05cd3280a1951a4833cac788568135067267f5aa5c1a9c5
291,source,3368,arxiv,139,c1eff8e25e0db3b50827537b58bacbd74cbfd88fc11942db0210112b6ca84873
292,source,4029,arxiv,189,269b9fafa77e7f9a0339c1be080b873bc33a5f416fc1dead245a3bc7e36f9177
293,source,72983,peerread,158,a18c1bc9e14e85ba5dddb59b04c10875257f09e42c5f89a55d5a54d2ff0fb073
294,source,9616,wikipedia,187,688337b1dceab580cfe812e96cc28b66d518b7e921abdf0c48001f7851a6c6e6
295,source,10270,wikipedia,249,fe2fa428ffe37074ff956e06735d0355cc1c81cba224417041673a554de59bb3
296,source,9428,wikipedia,253,7dee8e2590a520b48bcfb28072b9acba9d478f8c12fb89e74632ffaa0a8d4fd5
297,source,75046,peerread,153,19a1a5cf9d10391dc75492114394f989807f9f4b43a944ab053d04ea88c06549
298,source,9861,wikipedia,232,1e03cda59289820b1f900fa61f75767932eec5232fd04f9047144b635fbe61f8
299,source,4706,arxiv,168,c5cf7f49cebfa23b755dbaabc074f5a1ee3c8bd810f020bc3f72f66c938a5708
300,reference,17104,wikihow,229,12cc54344cbde0530a3288e990e45e84774602deb5215ddaf1584aaee4ad146a
301,reference,8838,wikipedia,149,762ff3b865ae0125b365e1b7fca8974195f5e2b85ee483cb32923472a096a5e1
302,reference,4892,arxiv,183,fb574dc3cbda84e9277c362f25917a0d4fe1cfc8edbe7adbac1c7ee31b391b34
303,reference,8642,wikipedia,152,a92f262c5f94a0e8e6daba24b310eb930b25d4dae37e7e5610ea0d504f60f7ec
304,reference,9769,wikipedia,158,64369fc9d72873dfe5e876f7a87f0c429113e343b7dc7010d5e62621dff4b7eb
305,reference,19460,wikihow,248,ad0d9ff24c2eb2ec1e6d6514571497b8a227af3515b666e060665219bc9c3640
306,reference,8741,wikipedia,246,fee0b657ff0546d5280da9879523bdf73d400e01dfdcd9fee071efda9b7363c3
307,reference,105412,outfox,234,55389912927d1cf5fa203a8b8b3f2aea3393ff396dfa664849e105ea4e630409
308,reference,105665,outfox,278,379ba767b6c424045fe64f457ec39fa3f08a2e7b1d2aa5f573fb360b338042f2
309,reference,56300,reddit,221,9505228979873ac4d064d8838e21f776aac223e77861bf6ead560684afbb8f0d
310,reference,75532,peerread,139,ed5df34f088dde12e4a3ee1f8792c60fcf4aae4be269209731d72a88c0c2006e
311,reference,106991,outfox,256,accf0b5670f4d0d6f6e2a8e500d7e1c672c4518bbd824b239c59d852eaf97302
312,reference,106558,outfox,259,c79e25fc99fa080f67b4707b9e1a0e7b03ccfaae7948f2407b87a3540f0aa9ad
313,reference,57332,reddit,248,1c3b891581cc3af4baf1ff1ee7aeea69d2a5ab8bb589996c128b3a531eda8310
314,reference,5242,arxiv,160,c8e0de1d57ec0d1a57cc225e3dd901f282f64e1a29078c28563cd58ae1c5028d
315,reference,57721,reddit,242,ed6a810957f42c57254e7bdbf868ed2c555cf5d2cf79f1871ed76d5fe98d1248
316,reference,56127,reddit,195,5d94395706ac6b55c6e1a85fc3761e1b6c0b363463c808631752b5c2030f1c81
317,reference,74928,peerread,252,9461d39b29591c138f273c38f9566bf716954b9e300f92156030ce1ecc2c6dc5
318,reference,56334,reddit,199,4cb36a53c03258a434cbf23fdaef58e16a9ca95cc4afcf214e75c2bfb9021528
319,reference,105906,outfox,253,73bbeae8e4d0e9268dc398819dbf791af647589db3d66cedbb3bf69c880bfa6a
320,reference,73394,peerread,152,94a6b2ffedaaf0db64d94294829e67a29808ccfe5ddf486b69e22f7631c736ab
321,reference,106715,outfox,257,ff232c89b1c8055c8b495b40cb7ffbd8c3331afd330b84dca9ad95f4ac8f252c
322,reference,4616,arxiv,153,3e6a8e33df1b0f967c8cecb7000c48881260ac80b12ddd0f99212d7e12b9cd7e
323,reference,75471,peerread,145,abc42b7a53a812b45b3ad06a07a3e417df964256bad873881da3fc675e0596eb
324,reference,5609,arxiv,137,3d826de9ca7c2dbd14cda45d1aee86d6d3ddf63a381394b083730c0faec98aa9
325,reference,75277,peerread,143,d7aa8c4cc905a5dba931ceb7b042afcfee7989a1f28f29d856322e47571483bb
326,reference,73365,peerread,248,5ff595c28962e44386b1f097a7d694d9017d44fc95c80918136c2ad64cd843ad
327,reference,3114,arxiv,148,e959ddf8a7561e7fadf954c5e25619a05f4e905ca3c687ac82cc893609c673bd
328,reference,17211,wikihow,186,4bed0d4d53d80567150ba4b11d50ab2587e2a468f2c57efe155746f73eacb808
329,reference,74375,peerread,223,132e44f00170661cb9bca5504312ad75f1ffab39aa6181601ecd369982264e89
330,reference,5318,arxiv,261,fbfef2ef5b15a685c572d6b4f28b8215458431d296983b85c1f79ec124a7bd5e
331,reference,57896,reddit,205,6c986c4624a507a8574acf342e4fc4d190281bad4ad2bc5e43e0c8a996b8d05e
332,reference,8542,wikipedia,217,d2a442595298043794f8d35dbda138b62aa5f70104d8dbdbf25826db22c36f06
333,reference,56823,reddit,244,b97db68127ac3c15836c118a15f6ec26789089cf510262e4234fc2665766b1bd
334,reference,75106,peerread,173,a0576eeb11073518886013d158326e49d9132150e59c4e363c0e46762f9568bc
335,reference,19068,wikihow,299,b8343e416126f785d8684eb714dd48541ca1b530c07fc0390a970b75409a55c6
336,reference,19519,wikihow,242,77b2fb1e173a9dea374e1a4bc13b8205349a7cdc5cf57ce37318570d7e445f43
337,reference,74686,peerread,183,e5494fa1a47031c8fa0fc7f31c85190fc19851295ad24dfa6a43c121e7b13a02
338,reference,58136,reddit,168,1cae522f0ca04c9a49297f549bf78fa2b9313c9601ca3822f435f6a2459faa89
339,reference,74862,peerread,136,b78826aed210ee4be1370edcd6b235fe01141996bd66669e070c7ac1c8b02134
340,reference,4564,arxiv,158,6922cf9848fddf4d46647f99246cf06dcaad521b51e0b642d6b2a6c515eca723
341,reference,56966,reddit,211,1bcc3ed77409dfe1aef309e3633193fca7f9c8a16f66e460a91c7a5cbec69931
342,reference,107454,outfox,211,d01fa943847acf97b6ab6742b2a0bbd000a505bee06f93b3d51f19fd76525744
343,reference,74707,peerread,180,23f4bf4046f2b6744137b2d3d0a19987b3ab481f9b305064924e8256b3103e5a
344,reference,16863,wikihow,183,6c0cb730577119922942f06ee78ad5e7d9cbf23ef9a5aa8eed96822e9fbbb387
345,reference,10583,wikipedia,251,191d7f6b46c94cceecddc08109b61b7fea20fbc70b37fab775e7a5b8a864614e
346,reference,9425,wikipedia,211,dc7b2003087c1e6501e12e2852920f1c138f2ede3eff092eac5291dab3591177
347,reference,4626,arxiv,161,2e92cb27c91b040f77c8da74e23afe807df1d53be565aac408a9863c9c2977c0
348,reference,104919,outfox,291,76b0dbfad5ff663108749290894b192ee810a10bcfc722de64139cb842e42b50
349,reference,5903,arxiv,188,b0035afc0aa7235d5afc9320c5ca45e55b575048f9d188a927c34f478217f8b2
350,reference,3905,arxiv,168,695411cebcd449362d6df8c1056aef492db89c6bc7a4ef0cd2be5b7cacc2e86e
351,reference,4193,arxiv,190,c94471098535ec5b168cf836769fbf651f035f20c4fbc1d69026c65f23a837c9
352,reference,17573,wikihow,163,8eef74f081af76c876b9d4710dabe88bac0ce57b37b7383adf467796a05b371e
353,reference,4129,arxiv,145,1ac201a827cd9be103857bcd641dffe0a0b2d12273c2a1ef9ffaf4fbd7b39ec3
354,reference,9338,wikipedia,256,7076d2e2b062b46ff2b242d9113d957f22b5d2d0179f2f6c16d77837d28136ac
355,reference,73126,peerread,192,5c0974d4afa4530cfb0e9c209b8b03a657b69c8b6413aeeb0b49483078b744d5
356,reference,9120,wikipedia,150,9c74cced51feed7aefcaf4f673b5d8453b4ef36e2f41281044732a991735dd07
357,reference,57562,reddit,276,d0cd3ed34417b2d9767ae125a942d4f71e1c2e0ab87ff3f0737dc3f4c465e9c7
358,reference,107590,outfox,220,58a8270cd757eddf0890aa5b3c62657d037288765ada55319cd92012a0a9e4bc
359,reference,4761,arxiv,247,5bd21d80f9458c69b07c9210c7129cde4642278da55d5533a3e36c7366a68414
360,reference,19076,wikihow,169,faff895610530aebebc2dca425df1e76ef14dd4b2bff556e0177a0335f762e07
361,reference,57233,reddit,286,271d939b05f80c63079563c9098b8d4d58922d50549d74350350943b716b9662
362,reference,5131,arxiv,181,7cc4dcca8d2f04c682a024ffb1333c677363c41495d6eccb69611901f711d383
363,reference,18653,wikihow,191,eaa671a7b527e0945fea2e99513ecaa1141f58c59db7c71865190d019448c78c
364,reference,56413,reddit,229,4cf97d5a04118bde70d09c523ccc5ffdeed7be9de8aba81aadff1680e9833330
365,reference,106903,outfox,262,237fdbed9e2b7762c44d2cdd2cbbbfe05495002b45b4dbbcc9de7c252a0f1402
366,reference,19443,wikihow,216,58136d24568059ee5c6a028fb333210df32cefc52dd3362e7217f7c79f86998c
367,reference,107473,outfox,291,f74141d866418ca454638f497f93ad8fc6567c0735c18362ee916c7c8f97daee
368,reference,58275,reddit,294,ccf36d8538a3e886a724231f789d3c3f23fd3dd3b8b0549d6d8e945fbf17302e
369,reference,74083,peerread,254,357e57a2a8075cfb4d0312d861d57ce36876a7b6d2ef319f8c6d56ea71f93be9
370,reference,17198,wikihow,248,a9ae3c6ce089b75afd9be5986ea49a8961d864ae0d2d63ccc138a51e45aa6eaa
371,reference,19359,wikihow,216,243051c60276ee08f5ceb8020ffaa6081cd6715521487f7bf0e039dad33bfbb6
372,reference,18158,wikihow,228,61260b4823c89ddc312f47ec68ef6bf1d389477e232dbe17c6ed722786477ed7
373,reference,8847,wikipedia,162,aeafacded447fbe7b1bddc7c7c02b4c27d49aa1719ad2f2f8905432364d36baf
374,reference,4412,arxiv,215,4c6555697abfc8a0b8317664a03a112423c8cbf64c918e0cb9b5d781c273a74a
375,reference,73271,peerread,128,6b25cfe8e28c2e1f9ca36a86b9ae5ee4d65ffa3e8978b33ffd4fa1f00e439f27
376,reference,107092,outfox,266,2c061033d62941eb0bbfda60264c7be83f562445bcc3564d53558aab0144eead
377,reference,105024,outfox,249,95366167c5085138d9be55bbafa87fda3e81252ae4a6067dbfda811578f96830
378,reference,9057,wikipedia,200,bf714604065dd811fc552d8048aa6b7d247bd32b25063885f5c15a45f34c7b85
379,reference,4342,arxiv,153,783dd5f53b6c0bb90d8f145ee41de2eecb31c48ef3999a698aead25ce0ead7a8
380,reference,56243,reddit,216,fcb6995b3637d72c6ee3e7649f430669bc1d8a94bdc841bce793acbc6d7d6be9
381,reference,57745,reddit,193,615b3f3bc023d404988ae621fcea87d6925bade1dda51779873127d336c19a47
382,reference,105255,outfox,203,25d7a7555913d0c0c6e86e05ebbd11365b8ac73414ad4ee4597c958003bba99b
383,reference,16945,wikihow,177,84b485155fb32b3f115ce4e0c6eaea76d9d0398f07128a62fe6c258996e24236
384,reference,9122,wikipedia,249,eb79ef887ec88f531ba2d03e67bdd0d5c10c09ddd287061e9b21c8d2cbaa93bc
385,reference,56089,reddit,297,927853ac71ea808192fc7754e935d4817fa84ef3173b6b929babe1f7eb097a1b
386,reference,9214,wikipedia,228,453dd9067fee8881965a9ccbce1730b95c1dbeba652cd32d3d2789eda393363b
387,reference,5907,arxiv,169,494228626ccc63d605b7cd1b0a1b7fa454ea779b2866898fb14c7ab92f110d5f
388,reference,74916,peerread,298,5192ea1c67adf81feb9020d2ca61a0c79623e19e1022fef79a231e344c1aef5e
389,reference,107300,outfox,255,97390a027770ca442797103a77ab0527eb5f92cae9c39a6a69c2c96c725fae9c
390,reference,4415,arxiv,230,a54a3f1de24dafb72e008e98e0a2cb2fb18f0f12a04acbda9120ce9995ba7a95
391,reference,10113,wikipedia,189,3f5c46aa16b0285e54b15439086b1dbc20055131ca86a0964a7e2be3a15efd0f
392,reference,9577,wikipedia,123,54793b5132c4c60697d3983d6984017f44d0cd1c37fe0348b169be14ed4bae51
393,reference,19512,wikihow,211,c14b7efe0a1290635f5acbeec23e43260d5b9d62da271c33da20161adb7781a9
394,reference,3944,arxiv,143,cab66bb5df04aa6cbc3ec141a32c6c6a337ad1f9cf1f5e68c766d406a8e5982c
395,reference,3170,arxiv,165,a4173d0ed27d59e446e2e6698f0b4cc46baf728d172e9333ee8edbadd2acf030
396,reference,8366,wikipedia,162,600692ab9cd7582edb5fc26b4d61049a62fff7bbcf103c4b80b88492fcb59d68
397,reference,8394,wikipedia,173,bc04b4b0bcf3b65686c2c5ee4e3f999e5076854cfaada7e13b603f68f137545a
398,reference,9022,wikipedia,244,3a1cb1c905a012b89ed865e2ee1186e0c89c51a462cf17a6f642ae48f9e31cdc
399,reference,17231,wikihow,300,17b138c16ef21333c96c76c1eb71c31168ba8ebfb1bf5c714c18f7c86c1a2fc4
400,reference,106787,outfox,295,33f28183e771079841bf76ff2bb89a003a95ce2ed8950a44d0d14cdbddabe70f
401,reference,17298,wikihow,203,5e7b520a321527491c2657ee3b04f7524b2f7bdcb7e182b456a93e9a593ab56d
402,reference,4692,arxiv,165,ef24ba1d529c32ec92cd8284a342184f132930e9151ca83deb20880e7698a952
403,reference,73744,peerread,195,46bc5dfc558f053a706a9fce97bbf72236d95f45f106148d3ea7072a18807248
404,reference,106360,outfox,281,22eb51426decd0496261b046c946f8a0c3e8e531a8c14d080706f43f945a39d2
405,reference,56255,reddit,201,7c94cbadb7b7c7ce053635b91ad0867eef01363c1bfcab4cc821b8d292afc10b
406,reference,3770,arxiv,181,96b0ad5e1e39fbe2c3f13b5d190194de690417d745be510d7d12fb3d4edab7d9
407,reference,105415,outfox,283,6a79ab70ff5c825b57420df827b64806704f4c608563f2df9dd73ecce0a9a996
408,reference,5149,arxiv,150,2f99377f96969d0496f9c33fcbe5e6af30c6de9ebd11ea23c4b3d5519705d3c7
409,reference,107149,outfox,293,63f389a46a96fdd34fa720f686292d9dcfc45ef77d6cc1238c2f5a98334e0a1d
410,reference,9435,wikipedia,239,b8207792841c9cbad8068138658c83ff88c35e3d676fc323304ea6067f8f049f
411,reference,17885,wikihow,270,b592ad15543b5ce80fb86cb1b31fc14f67c23e59b02e33619241c5a5eddfd995
412,reference,5531,arxiv,200,6d6bb404aed5f0ae371cb4059e16ec4c26e67ca5333a64ebf832ca5452299ee6
413,reference,10252,wikipedia,184,47c65e7d62e2b098b637c14a3858567b63d26f74fc18cbd85c612bdaabc0b0ca
414,reference,55693,reddit,257,ad009085ef2d14fd4c885f6d5fc8488518a40055cd5b17728974cce18c3a1889
415,reference,56220,reddit,227,57e6e7d400cf14a7e5b1bdbd196291e78069e6eafdf236e8b4e47585c1d06b6a
416,reference,106666,outfox,249,f8d9fb404fe47e0e476d908603d810035ecc3ec2b7af849f94848703fc10dfe5
417,reference,73784,peerread,174,a7a48453b8af1dc2cda93082054a6153d978ffeac3f382274e4a308b582f46f0
418,reference,56223,reddit,165,aefd24fa756872446190ee8b9a153625642a5675cf3469de60dd75db550c5a48
419,reference,18187,wikihow,227,d42fd22bb1bf9caeb9157f43348ecdc664c880a717d455afccf7d1709d9eca88
420,reference,74991,peerread,202,82fae92f62d61aaa847b00090132895d8a6000e44e54b9e7edf89dd8b1f228ac
421,reference,56147,reddit,231,dbe0d36f4301f8dabf92655621fcc5e8d05197b204330fc91813921bef24e354
422,reference,8693,wikipedia,269,97db24f6c8c946bb9ef958c6ccebe8dfe1dd4401cb345279429020734730d60f
423,reference,107336,outfox,242,37b14b92dc96579b1110dde94221a7fd4e7cf0c273611b97c6e858b21c23feb3
424,reference,107725,outfox,280,63c6d4657b7e5d90cc96dd6ddca8f9fa41b94b0c7d9eb2453b5d5e01cb43105a
425,reference,10523,wikipedia,124,5425d402363e11865f5479e70ef0b9e3d1b8a5b8d3254a4bbaa56d0b39d9b73d
426,reference,57915,reddit,238,5945e1c6e2efee7226d45d2846c8d33594b86c34e23d067d7d7ac74997e9090f
427,reference,18713,wikihow,222,b91830d535ecbec2f35d8abcfa53c6a9a1a8a99ecb0230a04016a30bc31f7d73
428,reference,57853,reddit,187,3393d6b766f066b451a5d8be9a7a4fb890c7fa739bd10f2aa50bd404f92ce30c
429,reference,57419,reddit,265,93efaa54a4382db0970aaac2a59eac7322ca81466969d8cab97bb4bf0348451b
430,reference,18862,wikihow,231,bc36e10f7f2dca22bdea13b033a5df21b29ea86678acb6564fbfc6d19633ad80
431,reference,73795,peerread,286,39ec88799548e528aa9915bf5897b48e5b94ff88cf92c4eb022de62143df028c
432,reference,56351,reddit,224,c3bdb99b7578e2bd848004cb4bc0a176676a1896248becab5dedeb08164b1432
433,reference,17900,wikihow,216,93d4ac94b07dee6eff69d3aa909a3029eaefd8438d8039a8e1b5904ca5b15d1b
434,reference,9061,wikipedia,244,3d5d7c746d4e63ab78dccd3d20861fb34475faa2e6258d89cbcc4a6b7f08996d
435,reference,56901,reddit,286,d1c0761e061d40b44946497f36d7db37b7a2326ed555ffe14ef01d865b297019
436,reference,105994,outfox,230,54e76d8ed24febd918e1dddfe9a552551da39fb8971e0581d7b5fcd6cda5fb0f
437,reference,3783,arxiv,275,ac7e7d0a417d6a6e85909149f53e71efb383c34f7f0d5a0666940672ee8c3342
438,reference,9437,wikipedia,145,e79a068ec8d0d40bfa77ae248b846f7dcf8d93a0df5c5ed0046908c29c6aeb14
439,reference,74556,peerread,170,431f007dd0e63591ecddb8b9f59d3f3199454b4eeb0e71415a00c8a65086f7b1
440,reference,55840,reddit,268,5d1ebb2a7fe4e675043c044c0734145eed951fd46e044e1577ae03fccaf7cae6
441,reference,105782,outfox,210,2d71fa0726d631a46bf648b4e36360909b28369e086b4c6b3aff5fa3cb8f3946
442,reference,5931,arxiv,208,827759983902dd634f6f4a9c635a2ad5ecc45908ed8f9f7a7a1186fc77491a1f
443,reference,58282,reddit,282,ed829d6a2eb7b2083108e355f808ba60b49fb05ba166e3e32f7a9cb8aee6d8dd
444,reference,19227,wikihow,179,2e7e4921554f0b74f8d14550866af2f0f1411cdd60c3f2064000d46cc20c4bfc
445,reference,8756,wikipedia,194,1fd90017cc4304b209e021deae6810fa2cd14fcabd878c5f8c9e55eed3d867dc
446,reference,107549,outfox,255,9833b9250c96a53b58a4e6d4099014a72f48e21eff483196e20b25c0bec96058
447,reference,10262,wikipedia,257,6e87d778107b61fc9f438453c4fa10fa820467501906f0e9f89d568144f1d4c8
448,reference,75701,peerread,127,826839a26168d479e3292cd873adf1afe5a68891cbffe90e3f1d18529a24328b
449,reference,17055,wikihow,256,3db2b1a0e68f7cfb27da08a7f249c1675f9efdcced206ee1722c7d1bece0f832
450,reference,106936,outfox,297,fd039c73af424214a9ee20b091cce6f9447e4183479d06cf55090d9aa95f4adc
451,reference,72974,peerread,125,187c0c9c67d1b0bc90d11b9c19c764d5c6e53305f6fb009391533f17626fc76d
452,reference,56427,reddit,189,95dc4245d73f4982817663ace7a832b607481b40ddb427ecba627c2b770d5e63
453,reference,73316,peerread,143,7fca0bdd864ab651dfecce317390efecdaa93898f98bae6739cddd31dd501761
454,reference,73328,peerread,202,4e4fa7453679d20a1888adc03e26be2bc82ff4781eeaee5a5f8f96851690babf
455,reference,106474,outfox,266,fd0ed96128c0ab134bc979ec9fbb9b1556b4a2e5271e675957a61f13efb9ab07
456,reference,105623,outfox,165,97168281f41593867ba00d8f56bfd49d8f63e34b9075ae49a14b738bc9cde5b6
457,reference,9153,wikipedia,175,a62aa44dacb031cb5d95e8a0f01550d2f53717aa0d3fdde8341413e4af45d1e9
458,reference,3118,arxiv,166,2a466842a159728e3281a7e981ae089b4900e7855ded21283ef411a95b1e9150
459,reference,3862,arxiv,262,751dd115924c71e4bb2b5d2c5aec58a00a3d2b50c7504a7d52f3b0e76edd623e
460,reference,105087,outfox,235,57bedfcb990e468c93552b861f19d4d9a1872b1040310c8a9a1e6953dd9a2bab
461,reference,5463,arxiv,231,7b1b2db973db13ddb6df00d007e3cdc2c14e63d3299ec33c152a0e5b982143b3
462,reference,3613,arxiv,165,6a53cbd6668a2729c8d52d7fec73f7098e71f9a9ac20a52dc197fe67dc5f97db
463,reference,18552,wikihow,205,7e50c42e5f280808875f769b74359e59d5679e045ee5bfaaf842c628b3bc62c1
464,reference,107140,outfox,206,9a4bc0df09bccea82b32401925c2e865614212f6e3f28e9b254e157f4d5ecf80
465,reference,107596,outfox,200,ba1b9471b69c9d1355cd16f6ef7bf5b65d54667f94e94612058433098af73027
466,reference,74617,peerread,216,d366f6605a0d0ae9aa1cdec629e6d009f8310987f18080ac9802fd45b30a8a1a
467,reference,73773,peerread,229,3c7c0075932087b5ad6aac63301f37943fde6abce485ae5faccbba204eddf502
468,reference,5337,arxiv,231,b3588cee7292fabe171e673a47c592674ef7500836bd43565d5f507b3ece3ed8
469,reference,55763,reddit,172,a913cc098157ed158f51de4ffdc37b0573e675dc30d9d3254bbe09e730da3ea0
470,reference,4543,arxiv,157,1562147ab36ed68ecb1be5fded60193a6d8f0562d7ef40fee4603c999df55275
471,reference,74547,peerread,286,e182f3bc1d461175505e37aac1543632121e997a80548d61d3f074b4fefa6e6d
472,reference,10522,wikipedia,199,e714c7607e075796ec48199d0931fef0059d7906de25e9faec840c156d7c328c
473,reference,56329,reddit,196,f03fdbd97c0a468ecbaf9f1dea618ab61970a8f3a537d0558206a44c8f1e0cd2
474,reference,5540,arxiv,157,221ace43d5df706fa96074869bf76982dc1ac00741b40a7d8704df0c417af3d2
475,reference,9596,wikipedia,239,676eaa58d12b52fe6bec1787d2dc4be21d32828cb2041532d87a11ebd26678f8
476,reference,5596,arxiv,164,5785fa4a13d34df5f1c5c27d3a7c852158914a8394c0195ac1f1041706ae561a
477,reference,8407,wikipedia,216,d35b3546257e94e315a8187910aa17724f4827010e98842ab686328afc46cd42
478,reference,105878,outfox,229,1e280b345ef6ca1c8a37dcb0f5ac71ef97c7406569d9153555946763c088bb23
479,reference,74688,peerread,287,90bffcb3232d35ea533819a84cacd049acffed6a1027be72c080478a8cd12037
480,reference,4938,arxiv,167,173e3e5e0ecb16529fd339fa180fb63416651251735db814a50f92d541fb46eb
481,reference,4665,arxiv,140,a0a3faa42ac9d06a7bc949de76dd43dde04498fbc26b37bcc0a356e3e950aa04
482,reference,73168,peerread,173,b0f3f63a9520f34d8993c94986c688f7312dc44f06f2776421e6c9a5bec6eaae
483,reference,107089,outfox,204,61724b281f4a1901b96a1acdd05a6d409ac3372b79add51bd3a03b59389fe247
484,reference,17935,wikihow,296,eb431dd4adaea8d965a3e442fe81f8fd2bd11b98551969824e1ca9325f690f26
485,reference,56938,reddit,282,569d3425b60047e0f8c6f197a3ae6ab266da0a73937bff2355d71129bd93d6c1
486,reference,58114,reddit,279,c0bb13c2092519501685f5ff6f55b90770c16a29aa7e9196dce4e2abb8fb4720
487,reference,17609,wikihow,248,771c9eb3f2299e69e8baea5f4daa202ab3c031a70afe1ffdc636c22b8069e8f8
488,reference,57804,reddit,174,9d0db00d9b63f1eb949cb0a845ec129e341229629590a3cbc974c3312cc035d6
489,reference,10225,wikipedia,140,73e33bda2e29d0ecd618d67c843776b3eb71a8514cae7a8921ce1ca37997f189
490,reference,16998,wikihow,271,302fe87e4c2173dda1d4ada867a77e917292c71714dfc8673e3f0136c5140e94
491,reference,106082,outfox,195,d8fa63ec237450f2d793bb80913d7813793fbad3d23eda1fc10b021ef11750c5
492,reference,105727,outfox,226,255d8ff79c142e3e5b26576b1e0f63fd25b6cd3d36e50ea088448967b65f9683
493,reference,9287,wikipedia,233,a804062285c6415462a4244a298c87fb6749af4edc86105a913d5b408d3cb423
494,reference,9090,wikipedia,170,ac9cf0ec03489a3145b6a0f6555d972e9da698fc8256d960918b8de6293294d8
495,reference,8344,wikipedia,223,74a7389e8218d046afde31223511383119c2e772a487f2117bb145a9edf634cb
496,reference,55832,reddit,173,bd1b64d80c069a3e308fe39e48bf9ef3e34ffde1d36132455d0db8f8be3c6705
497,reference,19142,wikihow,289,b15d5e11066a7b4d9a2031db914d72cc61114baf9d82e307b7e401b4ebc8a7e6
498,reference,105372,outfox,210,72569e2226e63c102adc91e77120e024d1aeddb741ae714c5fb1bbcd4d1d2541
499,reference,5779,arxiv,146,4a1f3b00ce57cb319c09e1cba660eb59773098a7580c0413d7b405a6869f4a58
500,reference,17858,wikihow,175,a61aa5e32ea7c027dd82dfc68e3d9ab4a0e3745e03bb24eba71297467799d6dc
501,reference,5062,arxiv,204,df6b835d2eb4a7a1fa865b2e221ff11b29dcda2af9af0b81dec52b5ae7ce1624
502,reference,18234,wikihow,230,c0aed572286b5f2715302438fb944acec3978988e891311dee53f177c946dbf9
503,reference,17232,wikihow,156,92c87e54747ea63ff79f370cb3b8f977a49cbb0b98c7400788ec9dfe70e3ea04
504,reference,74666,peerread,211,7ceac94e36c777cf36a6574f63d80f0c3936143223c771c59c0cd83687e5e3ca
505,reference,73676,peerread,135,d784620f708db7f2e3ff5a9933fa9e2b0110eb823152c90db472a20ac4758420
506,reference,74195,peerread,199,25a99599f04eb4ad89ce2db195e07fef59e93e42a98be3a64d9ceacd27db0835
507,reference,17203,wikihow,275,57bda99d31c8c9d59cb679cbb0ffe51e78113487236c8c225325cfb22b2c0e36
508,reference,105664,outfox,216,9efae6471cae44aebcb2ab3d79b3e0bd87773f9be4a140596c63274e696574e2
509,reference,107159,outfox,167,86046bd4ff6528a618a3673fe06f9cce8c61bf25ed186b17916d5029c397ec76
510,reference,57799,reddit,167,dc943179b23df1003f04a02c3500bd563e9a96d8df9cf7e515356ccf77af761e
511,reference,55524,reddit,297,c17ae504fa3b89ecdad127ce4f02f9416f4c717bb7fa30d8c3d9c87048b3654a
512,reference,16996,wikihow,208,9a64d4899ebe6fbc3b445b6ac9e95761e150c7eb3f36e6db5fdd0cf4ec995adb
513,reference,58206,reddit,232,f1e2b93c2d427d752c7edc0e726bea5457aa0853d2f947e7d0dd59db9c4bd4cb
514,reference,19472,wikihow,241,1a6f72dcc67d199826b83cd50afc393e73d20ed1e9b2f0757a092680c5f308e7
515,reference,56962,reddit,190,b728f24f68ed0e290846e55cebf51d64e089f78b246a3ed09ddefb1f8b3422b5
516,reference,107255,outfox,298,3e6c5c57d0d174edafd09e782d36a951ffd52c5265b0186a9f737f2bbbdcbf0c
517,reference,73967,peerread,299,d63002d64d8464c9a388280b642412f3d94d98006284cc61f7a0faa0a6238546
518,reference,5017,arxiv,156,f2bbd32b2679e272072316e6c90b812d73044559f8509a0b4491c87ec4d2acc6
519,reference,10616,wikipedia,193,801145406565fa9bb29fe0c4af1cd617ef51311ab65734c7c61282f493d00184
520,reference,5679,arxiv,185,76d50255e1d94f732cea542a389f501c4a6dd0a7ca53ab2d43caed626af3034e
521,reference,17938,wikihow,297,9b4e19c0e0f1b87bdd23bd48fa236b1a4d060546905f67dcfddc33afeead5998
522,reference,10090,wikipedia,165,4363ba3351a1f8e04cd58c55f44a22010bce3be393e89bd93cedfbd778a192f6
523,reference,4460,arxiv,180,3f24479446b6e3ad360c658fbe910acb12ae251d46cbce94b658ba27863e3f06
524,reference,5224,arxiv,244,78af6ef7cecc9478ea59dfca17cffa2bb3449fd02405f1d115776ffeaf7bfaf8
525,reference,9811,wikipedia,137,7558062b22558e869f06e136c6bb827b8a6ba156c36b010c92f4743a142e4fc0
526,reference,4245,arxiv,192,f585089d6d0b7e0613bb688de51c728e22df6669ca9985856636a29684ceb6c5
527,reference,5111,arxiv,190,5ed1b54c4eb9d6e70215f58adfcb8b047a9ca06184eeb1ac8361572cde67bc97
528,reference,56473,reddit,230,fc6239db05c149d14442e02dbcfea95dedb550b5c23ddc3ebf21b3aee58750e8
529,reference,55906,reddit,234,9e85e287b95382d7ab224457db927541eba7b2bbf7898e16379aa293c0b3205c
530,reference,3454,arxiv,195,7b23b486e94127ff368cf90d5bb40552b69d2bab90aa14d59beeead3607ed68f
531,reference,105282,outfox,223,700ae714812a2b9f8c07dda1b62271e099f29d29042c926d25db4efa2f015a32
532,reference,10094,wikipedia,256,6cd82c93b4c775acaa6f252562c28acc7fc24c3cb7d4f7f93f792a354df6b6a9
533,reference,106455,outfox,220,f8cacee73c40ff1e31e3f9d51c790642901065311713ae427e0057465eded56c
534,reference,74152,peerread,126,9b3231bc3269fa6622df710d861673165b2fcf5e8b5f02c2e254425b1c408dda
535,reference,17006,wikihow,196,8e5e668e14cace72a598a16442c8aacdb398a18244338f221503a2ad4faaddf0
536,reference,5191,arxiv,155,e2d2b91de3e94baebfc7779504171b6b290bd5c8073444b149d3e8e5fa6d7068
537,reference,17033,wikihow,185,46727c0b8cce81084e93f2384ac126572b8bc64de74667ae0fcd69c032f9cb76
538,reference,57816,reddit,297,416b36ba88f89b4a4dbe2f572f33ae92c6e14d991efefe54ea473d5feb280569
539,reference,57637,reddit,268,64dbec530a183b821f43d01a2de6430a0653972245c1a21777e838d83436cbaa
540,reference,3019,arxiv,144,a48a7b45d99328fd9b938243f6c06e26bc78a92759f1c98823eacd7bedfe261e
541,reference,9516,wikipedia,232,f0ca1b1bff2e84691fae099d0468225155bd4d5d1dfa0df8e73125f95427ec9e
542,reference,74226,peerread,158,e258a0d3bf6409310d95896cbce627d074f749058aa0d7f399451437d1ce4342
543,reference,16910,wikihow,255,58d975fa35920eb0d262efafc10ee46211f3b6bd3dc41f3c6661b3d1cc36dc47
544,reference,107257,outfox,233,185b819cf210d37ca96649bcb92d53a486b4ea40ff33b194344d940f48dc303c
545,reference,9599,wikipedia,252,9690dbf02f852d99de88e9bea5743c41ec0eff48347c3f4b39e7ef308f255932
546,reference,58029,reddit,200,f5baa14e58fc88a55249024f06326880f921348e0b6336711391712733265f5d
547,reference,73086,peerread,178,611fcd8fa713adc530c5d8e970821de991b3d0326e23a0149785c898e7594dd4
548,reference,9624,wikipedia,172,900ba3aabd9801cdb0caab058b1d2a0cb0bbdc45b59ed790385d2a3d9fcfd634
549,reference,57869,reddit,212,1c5e7187a15441f245d3f60379657ffaacb862ef754246fa6df191b96c120eb4
550,reference,57151,reddit,254,2ac436b38497bbed63058b4dffe9dedb2a4640de4bdc3599883fd17bd27e4e22
551,reference,107129,outfox,215,df40cdc3112b728d9ff688f88c34d93c42aae0bbf38a2db3bd0ea9330c81198d
552,reference,8419,wikipedia,203,b5760e497693c737a911c459296c2b08b8610b335c6994ccbada18422e9ebfd0
553,reference,106487,outfox,230,6f446e6e3d67a35bdf630d6011a6541331d8b7193c8359058382723d5ea07a74
554,reference,105580,outfox,227,28725d20118fa5760d6663aa743fc9b682926f42328ff68ec7aa0a9a5a47f848
555,reference,5369,arxiv,264,e239331f0e4ae50833da8c47e60417de28fc606f54d97d58e3d04a9a1af7da1c
556,reference,56445,reddit,225,fa24e2d5b5a9fd331cc2578fe545edd75715ec658f8a5ff257c1edcf22d6d301
557,reference,105955,outfox,298,75641c30fb1bd238aa524eb0f1760c88a120bcbdceb16b95a54c64174127ef61
558,reference,72932,peerread,242,d7f5d794529f289fbfc83d0c1273a506d5e1c94e5bb3e4bca876d8bf32448991
559,reference,106194,outfox,221,5f828c6a3318bb80e0a2d7fe620afb894774abaee2be2b39e83aa9c50d3468b4
560,reference,18398,wikihow,235,88f96f0a02ead8c553023c88cb94878b0b61cc16fe40a88393cc02cc1375619b
561,reference,74464,peerread,201,15ec81efb98a6807f24d283e4f5c7896b0eb9ab20a99e24cf80239e07bf83bf5
562,reference,9855,wikipedia,181,772cc51a59e2a062585a494b4bbbf34db4de461388628909b1ea38d25a554d40
563,reference,74692,peerread,144,4032cfe73db4c813a3006096a93fe26b254be145740ed95f904ebf85903fcc76
564,reference,10560,wikipedia,242,c867765ce59dec350912c417223273931b78288dd4a27d9d70a83800234c1179
565,reference,5158,arxiv,201,58b55ee3623703e675301bac9b0b9d79be42942855081a249d6ababa103b9be9
566,reference,105493,outfox,296,ce9676206bf02b936687b01b0c3f933511c626e02973dd55d48c510be5e62dbb
567,reference,8886,wikipedia,249,460ae032cd3705d940589e6449420d61f63f9c2c504731b60298d1e1d2bccf50
568,reference,17132,wikihow,224,9533ca3275abbe0f96235139b209d5a78231bda76a1895061283253299142758
569,reference,57650,reddit,233,c23a0b8717510af646a069860b2d96b79dd6b9a563a94609e77696df6521646d
570,reference,105831,outfox,265,aedd6490e0f44f5ad06b294869dd28d61857706b3b95db082616570e088e87b7
571,reference,3232,arxiv,132,52190a535014b73f17d66946e76d30af41e58e645a9a8e98df2588a14b25f8e3
572,reference,75234,peerread,205,34bceebc031adc09f2a9f634d7c5e90373f0f2242af6dbcf090d303c1a24da07
573,reference,19080,wikihow,219,bf9a16c9a3bcd47569dab7c5243508805db09d1ba7734fe7d817f1ec83bf1bb3
574,reference,73001,peerread,249,2392cde4c29646ebd8a7724f132c6ee91e3530e6d7a9d3dc7bde499bcb159f7e
575,reference,106587,outfox,245,e0d952ecc8a6022ea94ec47e8ab13e0e7a6383b1eb639c59d884af2185d2a684
576,reference,55486,reddit,241,96a7741f1d88e7619c43701fdd63292d3b42cad585f402f379418341db5c18f9
577,reference,58188,reddit,209,565bf02cb7e705cb7d9781d1df7dfa99ad0a22f89bff5348bb10d2869dd704eb
578,reference,74669,peerread,138,33f6361f1b747271d182ae02620a2aacb739c92749be92dc238f11c12b11c0d4
579,reference,105820,outfox,231,649ddac3009ebe346e784b28a18ba6a9609eca368fc972cbd0290b1e99982a98
580,reference,10364,wikipedia,152,cdd442d00d6f42ee854541f7e99183244e2571129e9ccf7e0860d8f6be5996d6
581,reference,75604,peerread,201,11b81da2e19b9c87aea62c4228fccf537c201d584455513c5a52837724c7b4b1
582,reference,57261,reddit,178,4375f220cf80551ce52084f8b002e83a5cf3cfccf0611e168d7fd562791e48a8
583,reference,8612,wikipedia,210,8be82b59d0015bbb59405196119566512870ec878e235e8d498ed5af629357bb
584,reference,75360,peerread,232,f781ba8c43759a37c50bd5878b73ad6216679a65c71df72ea8f782e15c68fbf1
585,reference,75148,peerread,163,addbc736682953735ec7c94d75a6b9e894cbcab2c0328abd423c6ade28b21c60
586,reference,17412,wikihow,248,1a42ece4d2a2a5a5b087cceb013a5b726ad2acb2ae014eed315c011d58797923
587,reference,74126,peerread,191,f00c12e563c04bf74e840277a4da4cdfbef4051d6e89238e3db65ac99f144fbd
588,reference,56735,reddit,204,511df948795ce00c3aca3e5fdbdcd38ca88ee42ca061c9635219cff9f59bbc25
589,reference,73798,peerread,231,7342067cb4f8c63ede8803e6a6913393fd410eb4bef635402b7d53ab6be8d8f2
590,reference,18962,wikihow,215,83df80787ebf9897b015395798208de5770747f02c61e879722567827d263a17
591,reference,104887,outfox,291,e18be82f543751c696d19c0f4988ba86ecdac58804343dfae0c6d5eb53b4cf7f
592,reference,16965,wikihow,256,1f0a8d9876f4dfb91b7ec6b6814f1ac5b8d9bf8f2bfd4b94dc77db74ab455c8a
593,reference,10127,wikipedia,221,3ac22cbe9cb97b7fb4a3fdc42e2e937caf49df6e3ee8dc7b2aba9786aca3be2c
594,reference,19270,wikihow,278,7105245cdac119b6ff1f9c433094247ba8344b927fd0e81f6d9acbdc72ad4211
595,reference,105267,outfox,190,90c196cf0274f3715bb01500ec0d01bf025e1eb85d60af9debface13f41dadf6
596,reference,10510,wikipedia,293,644d011fad169bce6336020c8212bb1536d72c1966363a9f8a563f80333d42df
597,reference,18131,wikihow,180,4a0b47510e7ad0ca5d5d24cc0b9adcaf3576ccda3aeaf2dadf5ae34850d3a886
598,reference,19609,wikihow,282,12471c1fcb8613698f665944c60742afc7abc194ea7f42e9ef0896e71db3ff17
599,reference,106636,outfox,236,516022fb5abf6719ac91edb89c7e0e0c1bae04a34d51d7f026712314130ccc79
600,reference,73634,peerread,124,7be17d757f73b3477f8294aaacfeaf8410e6a3a699a4c036c8f609dc0f0354db
601,reference,9860,wikipedia,293,a08ea12cb01e1dbd34b70358494d70e94a6bbb223cc6fc81d0c1b492612dcae8
602,reference,19083,wikihow,231,2a45825cdd7416f4222766b357cb9c8a0d83cd2d438c4667e97d87e240d33aa7
603,reference,106921,outfox,231,2aedc3a3303ed89a03536dc8d79c24421c61fc1a1887f0cfb0fe5b9f5624a416
604,reference,3354,arxiv,232,27288f341abe8ad6a884268122195c89efe04b9178dc6e654f36fa8f35c5c1eb
605,reference,8662,wikipedia,257,4d3e185202cb6acbbca2012edcbc28f661586ec6a9066b6c7e8f897cf63320c9
606,reference,10325,wikipedia,177,ebbf6c1b65605419f01d01a86fb02c34cecb770ccf410520e13490c7e67a0faa
607,reference,8729,wikipedia,193,389614d1eccd6557dd2067597b04df78b3389d1a3761246a3fd4351e0e8bb04c
608,reference,75241,peerread,245,ee8c83552e5396dbec4c302d0bee9fc286694bbef2035b7011cc884cb4c97931
609,reference,19342,wikihow,186,8edf85efee969ee13e1642371134d307d867c63060d7d29ec76b9aeba7eeb9c2
610,reference,73691,peerread,257,9b81afa90f4d1ea356c60cf20f1e553cbab1bf7d9266f6c5efc58bd9e046b4ea
611,reference,107232,outfox,234,7aee3cb834af41da3a3a97c783e7c1f32dfe336da8b506cecb450e7f9e227319
612,reference,106485,outfox,199,ccde9d792c52fd2ed04827b74f5ad6c6fa0e060671301898774a90e86c68f7c5
613,reference,58199,reddit,242,dfc5b19334d4e788dcebf71ff6be320108a0e5457c868e1e4ab2c51175072b2f
614,reference,105210,outfox,247,702790a876426fb9b0093fe7bcfa911873f9bb27ba09ab7b4559289fa901e065
615,reference,9136,wikipedia,249,ac480e3243e5d72558584fbb793ae1f6ae713732d63bad15e45b8772b15d7b17
616,reference,18141,wikihow,280,9d6dc7888fb4d30c775f8d277cd3b288f94f3c65edaca3435d9ca77ea40e7baa
617,reference,9854,wikipedia,268,ad77bce707b9c6134e4d0afbed8abff2fbb730c8751ac084c2b6438b61c2328a
618,reference,73347,peerread,216,3640b38b97b8c878098384b1c0dadeecc24530e8d7acc6b707262f251eb7429e
619,reference,5530,arxiv,271,211a424b75f451674f63b332272502949f75456317fd1025527f84ec32cdad90
620,reference,19378,wikihow,279,da54dd7f855892c32794a0031a7ca22dec428de957555ecf8a4f84d4baff34ea
621,reference,107220,outfox,274,53388efe279e95f9c4f0bb1c08f84682b50bda81ba08223f1bb6a65f0b9d7c30
622,reference,75571,peerread,123,5713157c45bf95b7e2135d849254e2bc584a45ff335bd4c4c052674b08eefbbe
623,reference,9374,wikipedia,248,4557ec56fdc41375604295e678a100beaa1bd3d9ab86990ae2c202da95f89fc4
624,reference,56419,reddit,274,8d20bc56f3e5bdef2b61f032100eb9892405f91cc7eb9eabe9e5059c7052a1d0
625,reference,106724,outfox,234,96df801ca5647791708bfd6e4e5f1af4377773f1337a72eb087d960b5ded5673
626,reference,19334,wikihow,276,bfdb7ac2724c810d34802d80802196e14ac8cf03e291061d6040423e12b6b727
627,reference,107564,outfox,273,4eace3915bd2607ec25661393ec764f1655ac20fa30ab9752e9737352ee16c96
628,reference,105487,outfox,240,55e6fc4e7050ada58907b11fc96b7d46ff6f6ca10fde37a8dc4fa468a91fc80d
629,reference,73261,peerread,154,ecc7092ce5ecc9103f975e4f68ca6c1cb8bbf8f0e681e4e72292ca30525b2b39
630,reference,105098,outfox,291,4bfc065f9a02328a815faec33f22d6b853fc72726a047660eb967d664f12c304
631,reference,75757,peerread,206,71da0a90930e1277d1e321addaf9e2a9d5aa075de2ffda56b2a6a255b5af82b2
632,reference,56368,reddit,206,58a70a3bc8dc593f6a7cb1ae894cfa89c3f2a1534a918907fb1bce9959613b45
633,reference,57389,reddit,191,f6c894af951133479b6744068e37ae8f2995119f01f68265e019039803e22e12
634,reference,9520,wikipedia,131,287f2787029663d33c71bc1c9c8bd64302b943afa8b9572bb4828b16a07021d4
635,reference,106595,outfox,207,b42d1e5813703e4ab04ca38a2c844a4ae597e7f7c8b18804da9e063d54f13e3f
636,reference,57205,reddit,219,448b7828fd90b3443193642caf60e2953e2fb7626eef39beba4d0f5069430f7e
637,reference,9792,wikipedia,283,59c7925db54de98efe8b6178aefe38e632dccad11f7f52771d209cae00258f9d
638,reference,57714,reddit,268,fba018743febba1b579e22f05a767e4a0e8d98a0ca7a2bb83f25b5b760cd9623
639,reference,57472,reddit,180,3222ebbfaf4c355c3b30c7ff918f25042ff08594d8111558ac3f7deb666500cf
640,reference,3975,arxiv,178,50e7987a299f28fafd99ec82f6efce6e332e73fa8eb157da0f8ebda21e095e54
641,reference,10328,wikipedia,161,763a0dcd888bb11e770bf75622b5097d9e77f87bcce79206268d56a7e269da93
642,reference,5058,arxiv,154,ebaa971e0c05e4640dc67dadd6e9b02a161e23741a1bfef83f8c82e5949f6207
643,reference,9790,wikipedia,223,848590b14102040ebf246e37c36d46c14036c59948fbfcce33fca5ad50ff94b0
644,reference,107429,outfox,238,f03ab04ce92ae2e24bc72acfc58be37a97a006895ef3bb4c7bf85ef127c117da
645,reference,8336,wikipedia,220,2324f853982995e664e2afc36a3813ac305dc04faaab5988d27c6d808666c864
646,reference,74960,peerread,140,9c54137731b5c5ebde29be9b4b70295e9ebd04dc5a02deaa207c9271f0888ba3
647,reference,75077,peerread,230,d503a94bf95875c8383aee2e1458b0358705d464a1b1b15eebcc82b0398e49b0
648,reference,5120,arxiv,136,4e146b91376432df3879d8b4b65f9f603b758dc6c44d962f1d04da0738b362fc
649,reference,55761,reddit,183,fa3e7d2c32280690523d04a8bd0409b116e0bcc5ccaca2065f2b3eb0b207ff59
650,reference,107741,outfox,294,9012b33475625efe84c688815faf778a1f9c03220c83315682902d4ef128c515
651,reference,16738,wikihow,251,fce7f11438022ee36133eef3a2787fe4c9fe1bfaeaec8f84c3838a48e7adcc60
652,reference,74293,peerread,276,e9cbbea9fa817d248a19b3e6a9fb8b383006e24fe56305f2d10eb105c6315860
653,reference,18966,wikihow,144,3e39c33313eab40a5dd9a32777c1d454c193d44755a449d807aa928d598e1507
654,reference,9447,wikipedia,298,b1b5d28799e053821ac63abd67d8b099a615e90600511f3369561228f8d5d1fc
655,reference,75304,peerread,198,51591fa53be75e7033c7f061b637043c4fbb1e0dbde005cec01ae18b725b3157
656,reference,75224,peerread,161,68a465f15dfa8c7292b9a3ef6a71dda41928ad32e38de9a204efa20872f6bda9
657,reference,9565,wikipedia,161,5e13331a086641a9b0410c6dc37565154543bfd2952378e3699f23ed76c5a790
658,reference,75556,peerread,134,8eca6c20fd15e475ee103d5d32a4ef88061dd80ae417d5bcf32e462e34a7d11d
659,reference,57838,reddit,275,478c858df587667bcce1217c03a7bf8d1e67dfdb269b300f7bb8d3540b39201f
660,reference,4790,arxiv,136,306bb61059ce9f662ee615ee2c9db9aee6d53178007d87a82ecb67c0595d916a
661,reference,18186,wikihow,211,956b82bc3683f3aaab3212f9508173d480411f9d014b46b4ed85fbd1dded8cf9
662,reference,8638,wikipedia,134,8370cf8d944359992cd40d4b7d2d751ea69c185c6375698f9d0c7802b12baa39
663,reference,56428,reddit,241,5e198cf987c02525252c388a2cdb1b6071f775396e6ca985821ae12d361ff9d1
664,reference,5165,arxiv,220,dbcd91457ae30357ebfb725beff276b9eff76e3abaf320ca7b6ac0feab7cccc8
665,reference,106003,outfox,188,60bdf78e470e26291ec522d7c22a531eef6221a60953626204e5a6301c20d697
666,reference,3821,arxiv,271,eede6482538df782084384b59f75657cb7f297116bc1125a1cf186f940128655
667,reference,74873,peerread,197,d56c09ed369aa19cc8e9b4af20e5abcb71b6f95c6779c765313177da9e03e594
668,reference,10388,wikipedia,281,33ff656ccac46cb2a02495fb3738bdb5bb262bcde31f0c418e383b93c614eb4b
669,reference,19656,wikihow,267,3af1853c9145eb8aab8429e8ca340cdca27f5255069f6719b2b2b32fe6376b11
670,reference,9224,wikipedia,163,41c59eea9be17cff408145642393d189cc6b2960090e1eec0ca3ffda1c0141e8
671,reference,105566,outfox,297,68133863fc3cda622d028776cd8fa72d6600a1ef21e6f6f75830d15644e44742
672,reference,73618,peerread,276,694fb314edcde6e6e6d082b20f1696a159a552fea74297c1ef48f3768c1618b9
673,reference,106132,outfox,236,91e974efe95581e4995b21f1d8ad8d430b26fd9693ccdccb9ad3a3d60d8b3f87
674,reference,17537,wikihow,205,c328170d3e7fd6cd2afc7115f75d019dc49d5042de4b29e8c92b2bd76cd0f950
675,reference,73041,peerread,166,ea707a8a775ca9f09b362c24cce8140039da03948bb2f0270c3cbaf931e1e10c
676,reference,56789,reddit,156,5454a1f36e4fc24d7994a845217efb8511f3a8c97046b810e3434a91a5e0c893
677,reference,55886,reddit,188,e7ba28ef887b669019e54a29a476e6573f3b233cf258e2404c68ecc03a8c17a5
678,reference,58304,reddit,233,55ae0ada4c2dce954d35d4eccc8f825ee682a3221a89ea55e74e1bf86a7173a0
679,reference,74399,peerread,136,e0c15512bae02a4dd57315bd89368da6530d977eb45e5959fa36bb16258cf8ff
680,reference,75150,peerread,186,87a1bc9afa065be70f2bae234ac345cea4ffab9244ce5459699deef6ad642b69
681,reference,10533,wikipedia,121,396d6ab8320eb563c073833140ecb562f3812e778252c67b42819109b85ea961
682,reference,107064,outfox,264,a2cba662126f8ec8e907229e40b6285ab55e3213a5213db5b62eea509a289c1a
683,reference,5092,arxiv,227,5b2c3d4e8fc50ef25033673352626b220dd67fe79ce9f4bdb134fd962eee658d
684,reference,107405,outfox,246,e03db6eddbc1faeb27007ed3d848deab657e32616a69c389ca8ac9d487db1ef6
685,reference,107475,outfox,295,3d59df3e59ba9d3d886f0991b3a9ff43da6877545e63035a30f5abcd6fcbaa75
686,reference,4757,arxiv,171,25b7145b39f034bef02756c791bdfba492a42d4b755750e1aa87c1c6bc80c430
687,reference,55567,reddit,179,2c75e7354dd2aecf86fef8841f04f454eb76dd723a8e6303038563925ae482ab
688,reference,105486,outfox,206,51b6a5ae81d24d03696ff1235a303e78be48c4e48a8fef1648e1a32a9497fdf9
689,reference,17823,wikihow,283,f8d36bf42426993e89071fcf2ef45e2194f717339f6eb4289d6271ff23a95aa8
690,reference,75380,peerread,262,952fda32aa7450dd436fadc5e789b521dbda93e95ffc0dc94ce486381c7d45ac
691,reference,58284,reddit,198,fda8f012020f2cf896bd2f24ccde259277ce8113c8d75da65b9b87103a5d8fab
692,reference,56724,reddit,296,2ca35a0684684bd56e3c94911fd81c7776964058aca7372af1ac7d01fa79ee96
693,reference,75251,peerread,192,757bf9cbad0caa1ebe13b4673fb910abc600c1deb64341d43f7199e901bd4ccb
694,reference,56416,reddit,283,aec3af35d2d9bd801c28b4d9a92cf5a5aab55a1ac0dacc45db5bba3b7f64b10a
695,reference,18644,wikihow,225,27483a9402e9c86d9b37e96c8d39ba07ba62187bc7ce6a9b4789d290b40d8864
696,reference,73585,peerread,185,fc59e2a6c172ce5f9b47a72f92f3a8176342473762f76856a0735fde4bdb83fb
697,reference,10100,wikipedia,171,e14b6225191bf26b5a13459c74f1f759a4be36071b1959d41bc6d7bdcefa076d
698,reference,75134,peerread,205,fdf2f5109486c152492048170278262832492956c1ac76830e41bb898683f516
699,reference,57776,reddit,222,358686e9a622733ea55d607613cd01decb0dc597bc09a68fd1dbc326f34b3597
700,reference,56873,reddit,174,607ef3dc2c203efce3df390a7fca02cb1fee942ae847b51ac62e3dabe6acc149
701,reference,105420,outfox,272,78a2a0ccdbcc2892405cd936f01161b2f3e12f9302bd8a2cbf42d11fe3e65a01
702,reference,8376,wikipedia,122,c7e9c8022ecda2c7782440a8a76a328f5d0388eb18f34100f9c36c9b4fa10d78
703,reference,73956,peerread,187,ed33edd268ca9bf300d2c618f52e898290a0cdc7f1db2844a55ba782668fe007
704,reference,9168,wikipedia,240,e2c55a402dcb71ede164774cc53493bab9769ca7ef50937ddd2db50c7433c415
705,reference,17416,wikihow,271,d53d641759f4196dab97086510e7d5d5675f462a4ae2efb9001fa4d2883e6709
706,reference,55759,reddit,241,d213b123bc327badab17b92c897f05f4243ef39d2c4a5324cb77357232b3e014
707,reference,17713,wikihow,206,24ed6595a50c0117b1813eb1e9be3224ccb76c66537bda1a81d3f2245c777384
708,reference,9250,wikipedia,286,53f38e0ff0a9d9a160366fe679ccb08cf682dd8aa4751b92defbec7bae35afa5
709,reference,55815,reddit,250,470df61a89dc7953599b1d230382a35808866c453ca09772d879cc9d42691675
710,reference,57837,reddit,241,e34e986669dd6ac6e05f3edb73d08db2bf94e98006c7041d56858d5f48403c5d
711,reference,4177,arxiv,222,aebe1e933bfe8eaa0f37f45f9ccb4377d6be70cfc4dffa1edb0bd44d07b81e07
712,reference,17708,wikihow,238,71d551d0e2e3fe298f25d0c714c952a131ebce9e61bc25104063eb2005ea6b5a
713,reference,17897,wikihow,277,92a463e08e8fa23d5594a88344e2935c90090191b73087a96de5cecde905e792
714,reference,17408,wikihow,202,8191251a0ae455f64e293b1575ed79c0a5d2964dc09a1c1215126cc91de795cd
715,reference,19066,wikihow,195,fd8a65ebbcf421fd0d94947322e09aff3b4cc8e1d2484445e61f6ddbed12856d
716,reference,3657,arxiv,211,879a24530df2dedf549441800dbc3ecb0906a54c908e8be288c623c234d5d183
717,reference,10377,wikipedia,296,fe2cd8e3a3621bdbdfe7d05fa038a7d5b271cc41b22a9b1214eed3f55a59d063
718,reference,4774,arxiv,167,da991dced8a34b36ab6d608fe86c807be9aa9178e25305b3a61df007e3664997
719,reference,73163,peerread,221,d765075ec27da1ffd81aec24a2df1b1ecdd9cca0d7d1be63885389c4f4eccdf5
720,reference,19407,wikihow,241,cc5c98d19d4ca4fb23003e198c746dc2c033dced8ca6a69c17a0b77e31fe354a
721,reference,16814,wikihow,296,d7187e86a310fe2702b4ed57013b8b924c33934abd8671c790e14c4c88c5ed50
722,reference,10370,wikipedia,231,aa86c75cdec7d3cb00a2cb1d6e146e34e8d6fba9eedd4b94c9b5e26c227b0726
723,reference,3860,arxiv,160,82a84aebd0636fb1f4422422f26eadf0a196c0393f0b287956e41e4cf76e3a2b
724,reference,74220,peerread,232,96d344ffd198cbc19cf548dd1a4b22cbfb7dcb70817332e5fd0ff485b2a3accb
725,reference,74358,peerread,153,bd922fe7647c77853ec327b8d23e81fcf3f076e5b92c8b5a7d63bbdc46ccc663
726,reference,18983,wikihow,177,d82b1225eddb55d1bb70ef0608db5183f09d2cc888a4b7550eeb40a7125c43ac
727,reference,16905,wikihow,247,48dad735ec480cf61d18bc1d42837be7f7d56af1d6afd6264b431188141d14af
728,reference,10186,wikipedia,220,bc92d029f76d3bd0c1397cf1ff439b412c7add94ce84b21b90d4f1479bb4da4f
729,reference,9910,wikipedia,245,8cacb2865909a453e02644659471809125ad34a34783946cb40112c71cffdd66
730,reference,105150,outfox,258,b9ed3440036aba87169e60fd6f0eeb81e3611e0080b3afa3586e4d224fc84911
731,reference,73535,peerread,136,e30ac589571622836927e602fb0ac51966f3ea70cdfa0b9100af3d5b40da747c
732,reference,3695,arxiv,135,d95ae1814082db91911aa4c5401ec426ef27d623903240e08943587a2b318e60
733,reference,105489,outfox,300,4893c85b315a96094413e6e594e962304a6f74066aabe3b268c49fac3c8a0626
734,reference,5457,arxiv,149,b8a470287062474e916e549f79b444b373ce19ecfe52e358f8108a6235c55105
735,reference,56282,reddit,287,54d7c27548eee92ab4e071fbc54be029338cbf61f5485bc8d72ac4ba0920d0e6
736,reference,5407,arxiv,149,55fdb171dfa9f4b31c6a3489e8e68a9431ff54c6d868002e007f3a4f415081c9
737,reference,18309,wikihow,196,ea5794e8e06a8a12a2ba883dc5935f1fb778f08cdc8f69ac9cfdc5b1333e0e9f
738,reference,107060,outfox,290,a0556fb0ff5539464011cf60d0764bd139bf7e95bfd380c93a1f09a0be6feb3f
739,reference,5361,arxiv,169,8f71d0aad33b637956d0dd5b6ed480822f52509a287a0c9aba883bb250f71f61
740,reference,3777,arxiv,149,910a04e853f0acb5be3f8d13b6c9ba0d2516985e635c0884a028dbde66125734
741,reference,105799,outfox,201,16ea77509f36461ccabb21a2c610cbb276aaaf30254c3fcc017910bce3ad11b6
742,reference,105191,outfox,277,e969fa75294d6d542ecc7834c3e65f43f184dce39d714ff20691251fb7b07f97
743,reference,57887,reddit,250,f6f77ad0b78248c73c8a68c0408ba19a906f6c88521516f9bfc7d641e24e3cab
744,reference,9169,wikipedia,194,5c3d9797644dcf03a5879b71842ed1b7093401d93097248c35ece72e1b848f5d
745,reference,10544,wikipedia,148,d5dbf3885feee280c3443005f7a6823452fdd1268dc7591d5b3c5de57b6a2942
746,reference,17034,wikihow,178,df0667893695e7d4e7ed6ef47714e541ae81509106819c088fb9f9fac51ee6ca
747,reference,10122,wikipedia,247,840986b3b46998fe36d6bdf4e548d3eaf11ecb4a5c2efd0efc3982ccc5a379cd
748,reference,73797,peerread,279,ef177400ab64422d7f6f3bc336205461de9ef1161d264ecf92b59e210af18dc9
749,reference,105377,outfox,298,cd99aad786507bf9bbfeef47d7b21440e818c60f250b82e51556f77d85148348
750,reference,106733,outfox,265,fafbf1bd8b1eb556fef584281dbb7162032e152b9d8cbc585c7f9fb4e52ffdac
751,reference,3962,arxiv,235,6e55a28512501b253a0e0b0fd7cc8a4defe0481c54b270f74cbc5db79635a8f3
752,reference,9140,wikipedia,152,c908f0aa551f0a5c2eb8a55ab5f8aca95fe800257831a1917bcec21ce234a315
753,reference,106833,outfox,287,1353841f967b2ac03b2750fddf75e059458f2870d69de22528f22b7a7920bcb7
754,reference,74342,peerread,216,41dca237a8978d7b99a562be55ad65777245c812d48d36bd6f2650329e414e1e
755,reference,56421,reddit,225,8fb6326c9c25d136635dc08129962e2bcacfee5db11a31ca9c04ea0b2bee1bcb
756,reference,57385,reddit,285,613794d9f7fa70be3b1d57d5e4dcf031cc8930401faa527d91a12c651f41d04c
757,reference,56392,reddit,187,69d3a4f31c79ee0f25bb319b9a8b07a9c084b2c1585b4a2d6c68f2dad162e42a
758,reference,75168,peerread,132,515d13da74831db2a42c3fbacd47cc30361411fb7e7c4d075a1adc08695a6b7c
759,reference,10351,wikipedia,259,a2497a144103437e1ce3e208ce7aafb47ab69830db5047df4741f644bc9f4169
760,reference,16710,wikihow,256,2995a17c5183d99188917ea8a28654a7a4857b05d4ad54ad70b9e199fd76a61e
761,reference,105754,outfox,235,b971abfb395181d970c9861bdb9a99c55b342e809fdf4f63da532228a72e28d1
762,reference,105046,outfox,228,2aed70d927ab568a501de172b405f35224b5b6ea6edce0b169a010c1ff627c3e
763,reference,5916,arxiv,227,d838443a25cab4162d35793d059fe65c645bbaae7321e2a0a3aaa983d7a5077f
764,reference,4423,arxiv,173,fff9b72f031dd189de0beead5c22c733efc39458f70c43edad986d3d16f75a41
765,reference,106743,outfox,293,2f2e47ee8c1e1b40a56ef7bab6c0b6f4490cc16b4984e0e212ab77f62c4888b4
766,reference,8759,wikipedia,129,8e994689c1b1409ec0501dfec0e24cd20745ca541563f0dcdb3bdf41fd86e776
767,reference,18600,wikihow,296,8748a80844f7fbdc1009b5bd799734b66517ab8945203b4abe11c47dac523362
768,reference,8962,wikipedia,249,4ba03d332d19b13cf263c5fdd32a85a435e32fb652473e1b32ec9974e909d69a
769,reference,3667,arxiv,234,6774f75a85155063b600a77e9d1c5bbdf6f3d1976da32faab807535e0b745500
770,reference,3415,arxiv,178,c3de1aeb07ae485e15e832b65c39325f370e158b73f47ff6b429c542e181ca9b
771,reference,75071,peerread,127,9cddfd5ee103a84355a70fe07f53f78a3aa9e52a9b674205d9cef80dc0569e95
772,reference,18448,wikihow,244,b5198037fab05ca3d6344ed1e7af2dcde3f449431d64928479ef238ea1ed1ab3
773,reference,4928,arxiv,150,9eafbb6955c401b8c901fb1ea4f2c80c70cdd6ce1e95040141b3d43a17dff171
774,reference,55720,reddit,299,d17ce109dee6805eacca21b02637010b8725990e78f562f018c06bac7027b5eb
775,reference,106358,outfox,271,5ee850a8617431c6e5c4c714fddc0d339624b3992a4bfa821509bdbbb8368b5e
776,reference,10551,wikipedia,253,4329ea1b0a4b3a698c34e00ca3875e6f1fb5a53d7e43f10c31ba0335027aa545
777,reference,55777,reddit,276,7852bfd906cd2f49dcc670bd7f540b3262444a7f90f019355d974596faf737e0
778,reference,107184,outfox,221,93372746f5fc7865f2bff101b39727ae6f1af7177fce2974a1c054c20105f7e4
779,reference,8588,wikipedia,244,a7e270cc364efd11a962008ecdd27e0527445b5514643a4d6e901b0c32d7c861
780,reference,105190,outfox,215,3e50c651b0238def1db6416f4e4402db65caa3aa124784333ade06dd16289f23
781,reference,5336,arxiv,154,b4b35cbef23fb5c903b1742925f309864cdab4a6750d847018685ab105f0c59c
782,reference,8627,wikipedia,181,f54140371e9ffd8b2de6d7884620f224fd991ffd47e64fbaed4748e2944eedc9
783,reference,4610,arxiv,228,14cd72311397bff02754e82fa08b3808ac6f21cb73ccec9d18f44888daaceacc
784,reference,57031,reddit,276,5f856aa83696c54e4a344c322626ac37cf15b42b2f291d437b2269c5b09c23fd
785,reference,19463,wikihow,275,7181b8672b3d3cd04499523b77c5b8eadcc3818a7f6ad4270de2e67196e72504
786,reference,75409,peerread,211,dbdd4516781747101f6432ae487410c43b85a1e68c71df473a8d9d8cdeefe340
787,reference,4678,arxiv,192,c56d314b41fc083c3fe2a3920821d71a6d1af850f8f35508cce05bc6b515d498
788,reference,73792,peerread,262,d0d0cc9bbf56edc2e393efe505cf643a9dad90c6988ae7750a770c650b9ccc87
789,reference,4255,arxiv,191,41044b218296384f53d8492a95d85b3d697d133c62f33dc705125c82fd044657
790,reference,19379,wikihow,265,2e651912e9f683dcd9e2d92a6c95d0095b712e61b019b451f915006881df7b0a
791,reference,57584,reddit,279,57aaf907ba7dff665574a8888b0ea2fd59104e44f94f8acf07611933a5fb25c2
792,reference,19159,wikihow,266,32282680b29a0daf15a578de09db0b6ed9c6588682c0250b3263142baf0d73c7
793,reference,74408,peerread,256,57a30d8a7edb174dc62e7e6eb66f248cd277da41f30e2da7f6bc4e1d2798ee64
794,reference,19462,wikihow,246,860eb4dbe1199aa2581ebc187fe3b60d8952915530c45e3a1c88068e3c304b8f
795,reference,17076,wikihow,203,4c4bec6b3f514f18c9d947becc530167ce283f8ce5b6256dca3b5841be01809c
796,reference,105567,outfox,206,6c8d96c3bf2b19c0ce18d9eb2f69c2d1858d58dace0e16a5c3db90e853afd8ab
797,reference,75151,peerread,141,f7e7673889c9df3d24844b00351a06a21f8935913ee0f92105a63466c66453e5
798,reference,10411,wikipedia,256,65985d3ce26d179795c52856b17d6003e3db3dd0927fb0fbfeee621295d43da1
799,reference,8758,wikipedia,265,d3c82221d232e1f0044256ad7d07a9e989734b49ceba175eaf964e7b51fb802b
800,reference,56691,reddit,200,4833d6bd01f30027b6157c36fa5103c283c4613fed708d584ab9a39180d414ba
801,reference,105427,outfox,204,9158fe378c23baecc8d2924767eeb623dd9bd2d2af6b842dd52d0191205dcf31
802,reference,73725,peerread,225,1ffa4aeeaa3ba119ceeff92aa4aac60f95e1e65520e1805446b7f4117ad911bc
803,reference,56991,reddit,262,2a3d47da676130ddd349b4215fbe6c09eeacf6772723b32e79e15a5ba064c97e
804,reference,9748,wikipedia,128,6095d9778b3272ae632aa57f2a66aa0de1d474347acf527cb013010ed701efb3
805,reference,18979,wikihow,267,d978fa26e146153818c462e08e26ed254165542a158b0784aab95e72b166eaa8
806,reference,106338,outfox,237,4c79a6875a5a85c29ab4b79c88dfd6d7fb3c6afc506c979e3d48f67eb278afe8
807,reference,9872,wikipedia,277,f2a135d499642d179dd1a6d81be1526ea4ec2ce96325d507ab579342077970df
808,reference,4672,arxiv,143,fc08c1a05c47b018e77164506cd703dcde06e9957f79feabec2ea4f467a7c3a2
809,reference,75580,peerread,182,e6e87d2e68f98e555d0cc3be9d64df2b664010a244bd786d0deb272a17dfd2cd
810,reference,106486,outfox,291,8339e99dd36f5e97fc21d45d3aff2b100ab1aabe042df33fb9d12ce5ab91a47c
811,reference,3445,arxiv,256,200b4536d1babb37dba4b8c28fbe8abed70e348091d071e93e4fdbdf33c29bb4
812,reference,106989,outfox,196,fe954a5a1a6c8178027a01ab181c2a2dff8b047a9d36a505e3839cb0ddcc53d1
813,reference,58204,reddit,162,e7ba0c2735d8fc7fa2eca402c077c61bc3e57a4eda05ab75d7a3c7df63c78dad
814,reference,18286,wikihow,264,234a0a69128101c401318b195cc201c315a38a6cb65ff7134da196666124a71d
815,reference,17114,wikihow,183,e0de966ca6db3c791c395ac45d52ae73d9ebeba39bcb18d5ea5d65be6e7fc8a5
816,reference,4758,arxiv,126,904ce42dea3c528c30d0412ea3d7fb941641c2d8452b7fcb65d454a6c4cb79e0
817,reference,5040,arxiv,250,d7653a5e08ce4e9c22883f5675dd588be27d6b665199949455d8a8ac84a70c29
818,reference,4035,arxiv,223,bae667a76f4bd30173c28a4bf1a471a9b652241573e9b623baa230cfd9db51f5
819,reference,3180,arxiv,259,237f1677fa3dd3b7af898f5e468ceec846803726413d86658426d5914ae51a6d
820,reference,74419,peerread,246,cd493a51577bb96bfe97140dad8b3d3c7e4569add84fa0d6f136283eb0bd6c49
821,reference,57242,reddit,180,fde70db93f895fa46bc32f472c64f677cdcc4bd17f57bd4626e968eaf8e9373a
822,reference,17009,wikihow,263,ff17ec0f984d9f1514a8ef88d7bea58acb601cda596753958cf3a9b5de2e7c85
823,reference,8379,wikipedia,282,beec3f1bc19c7a61818dc0674c4cbc141c79404c313b544792e1db52382aa76a
824,reference,18718,wikihow,252,adba10e9214ea61ae2fe048ada137e7ef38b8b0aa82bbe5359ae5bd08365c4bf
825,reference,107701,outfox,185,3c35b5712f3b5a8de2eb9af1bd1ce10c5370ac7482e4dd187e0ff1ac166f32dc
826,reference,18603,wikihow,179,90cc82341d596e7262aacd67e5c27927c68e15623a5027032e26e8ac20d95cea
827,reference,75223,peerread,289,a5b0ddee1f17f3d84c24ab56440003545447e8abe1ac5289225fffd78e01f76e
828,reference,4843,arxiv,208,c5803caf7b8b9a028b19abbbd1e655392c043a89cc0e0e3d30472086a428aecd
829,reference,3590,arxiv,164,b52418f060284827029a6c73f8e1e9281a5c3e9a949d82479ffa2c2a8b43779e
830,reference,4270,arxiv,224,f0b926740afec24fcd762a09f3201d832a5bb63f76c1fe3a79e4839108155efd
831,reference,10051,wikipedia,131,31714421f8aefabd21a3dc101b30acd412130ac1272c89f67c92c3143a82ae69
832,reference,106876,outfox,203,c8eb40ca631e88f8a2546ab6935c9df33f3dde3df0c4dc124a27e85a4dfa8100
833,reference,107565,outfox,249,b6cd39b36e0a17845f32bec8a940fe0adb0c945f82a59fd9496809c153df42f3
834,reference,17599,wikihow,292,fbd51c97cd5f76d27cf363ff4caafa0cc997fbc05d2ab85976e7da614364e326
835,reference,8815,wikipedia,300,65764ff5ca3a9d08f129eb500c8434cf8061a097b2b0df525ee2fd58f83bc8f8
836,reference,17888,wikihow,199,5cd182370f1e65277632ff5834d654d59c9885d26fd9f52f176a9ac077ff969d
837,reference,19396,wikihow,175,598f24af023928a9ccddb98a2275fe5723a9fcc8d8c33ef6a950bb9600ec2713
838,reference,4823,arxiv,226,252ac523f6943d7f2cfd473152d4ade8a88921d810af36250b1a60e6df4d222f
839,reference,10250,wikipedia,161,8d7ee91388885ae57fe9c469446c2590e4ebe8c416efe17683ee3915370046a8
840,reference,5364,arxiv,166,2f0a5699c59960f34fbd020ebbba0fea0482f0d542d4997a27817f17a3c51f60
841,reference,4110,arxiv,224,4cba9ca71b6dc91d18bb361d7d54512c1e67129e45bd8f907acdf48571c93a7b
842,reference,74943,peerread,257,d7d9cd861c0ff2be7ffd7e54ecd9eaed6e65cfae1931ebe59561b77d6514295b
843,reference,19452,wikihow,286,18e96bccc00c163584c7e288c6244c0d17fdd51392a46410ddcf79156f29d6b8
844,reference,55780,reddit,183,22c9d931d128256bece1d40a1dda8fab409ba57a91ea796443879be4e5a7ce22
845,reference,58303,reddit,298,6e527034eba29c35e987f70f79b33165cf4c04423db8bedbc26ba60fbf4f1b8d
846,reference,73321,peerread,154,2907bf3699a1521ac58c02e9e8b4bc19b56153a0baa09b2b1b07b09b818f048e
847,reference,18045,wikihow,256,a5ff7bd5f15c90a87c48c97ffe3332a085ac9fc35886a6d8db8b97463624833b
848,reference,18263,wikihow,290,eebf9389bd2e2aed5dd3170396811bac56a7a8e1aaf7bd978a810f6734b57c24
849,reference,3561,arxiv,145,43d610e869734a5fdb71ae77a500404177d1c5ad862f86e04420d2eb6534fab1
850,reference,19285,wikihow,279,8a0fc4426cd255f230ae0e25103da53546e4846fb3e0f7f972592049a9e9d205
851,reference,73147,peerread,204,29d24e1f14038e1caad0b8ad4b8ccf09ee272abd15f6dd59d8068b9191b4477f
852,reference,56169,reddit,198,ad4d8560782727ad9822818bc1a97c2cc900e257703edd67d1e4062ea3b0f9bf
853,reference,18108,wikihow,199,37a2ac5aef7c832dbd0643b424812481de3745dd01b4a8744a174ad96acd87a6
854,reference,10227,wikipedia,131,8a64387a6b4d6a184394f656aa388af0b3db7e40965c76049c43e3a8f433cd77
855,reference,5741,arxiv,155,cc3cd1d4921c1261ea39aa62d4092799b8cf21d6539ccc2ea56fa4e8f4dc565a
856,reference,10027,wikipedia,266,5d0a5acfaadd6b883ba5b2778fb03d37452fabf85a948a98a7635be2018f45c2
857,reference,5849,arxiv,169,56746c12b279190850bb892a44689d48ef22472d834335453abdbef87debbf27
858,reference,9481,wikipedia,165,a46981c32c95179d8515ddf63c1cfac49f17dcfb6f672f423af581536a245250
859,reference,75621,peerread,197,ae493305dd79a92b63a3ee83a93bd1df3a3eef299e8de74130b884ffb0bd3441
860,reference,57521,reddit,184,31b3314610b67e1fac3aada81b9e919fbba5ac7a90fe6b41a991c74afdbc4f0f
861,reference,5745,arxiv,154,635bc32e4bc0e8a23387d944fe8d654625d0235844bb9b4daebc10efab9e0ee2
862,reference,73724,peerread,245,ddd903486c12a81b662725163f40971f53dd7254660542f7c07de04e0da56e85
863,reference,5188,arxiv,249,d07a5907c48e04a545e58271a0992bbf2f39148156907e1bdae61df3733badeb
864,reference,106986,outfox,295,36f5b616853bd56f28e78c564637826fdb9a7c2fdc5a01cdd49d0759dd7465e6
865,reference,74836,peerread,239,ff7ee101f529c6aca66eb7eeea8fcaec5ef58d442ddd0640ffd6527ced52cce9
866,reference,56031,reddit,193,8e4ddf249cce7f78ad15f35f7522c9359a2459dc8347a6f7c0fd52ff11896447
867,reference,57348,reddit,176,1eaa096ac54c698fcd35694aa9e891b8130419e5bf5b4efa873f51c0efbca109
868,reference,56607,reddit,247,e498096df777cc0a84c7e75c6c74991168fa6f2eca3c5f20b9ab2c8f8acb9e87
869,reference,107173,outfox,245,c3fe6de925646fe4c3c5370f5e0ad04403451e1f70da0cf92c3747df2cf9e8fc
870,reference,57636,reddit,299,98130b3a9426e1c0aefda21371ca20f3dd9eb3617362d3f6ddc5850dfa97e1cb
871,reference,74839,peerread,284,c978c9b8335e1a2c9b4cfbb7180fa1f65aa59b2f9efce906daeb401e5bcdc26b
872,reference,3134,arxiv,164,cb7d5fdabec8bf0b4d281ee364f0985ab75b7d63b822578ca1633df82179d7a9
873,reference,5991,arxiv,203,248276e821194a54fbe0426f2f4387f5a1a7740ec06742bfbd08426e956f3a34
874,reference,5333,arxiv,195,e45e684a4dc1426114e05446a1d69d53b52b329b1bafa9ca5eec140f626eef77
875,reference,57652,reddit,281,f54187f4ef606b35c8fdf8451b3bf034f7b1fead6a9ba66c7f4b152e8298f09d
876,reference,105289,outfox,263,755af5d1b3aee534aa0e07eff320390521d0a47f3e93b733937961fd4e430323
877,reference,74948,peerread,193,5cf69af9cb5c5e3f8b216c26f0832ad32514527106c737addea219d3f9c7839e
878,reference,58070,reddit,202,a70143b424f9306481116fda3eb4d6d63bb3e9c77e8780d91887e51c75b72f12
879,reference,105269,outfox,298,a69a52e5e69fb33fba424622a92b525cc0f99fb36c676370f21615e044c60da2
880,reference,9429,wikipedia,224,cccc6485c9f737638b4d7a77fefafb1f66a2fef7be9877cd53f3f4d5cceb0670
881,reference,74421,peerread,192,821bf8d60b533792b62db229213e2d5cb31c6d7f5b98b467b514da940a40b05d
882,reference,16836,wikihow,188,b2d5cd467ef4e9a56fd66417d15b8b30848d1f35afe26897c6c69667d5af9832
883,reference,10133,wikipedia,230,543603422728224b44aa43ede8afb22b015ae848e8e55a08880d942c9792645d
884,reference,10487,wikipedia,240,36b106f90366a7b1b303adad87f969968800b4483558c49184e00d3ba76e4758
885,reference,5811,arxiv,187,a76d1b84afe0e0d0d8ea3ca4f44b6d70347ff80eccf0bc4d73454f586e918999
886,reference,107799,outfox,226,4e333ab67a4acc8ab0588ea7577565e9962a1d3604be8f50aff26b0a557ad029
887,reference,105472,outfox,257,1304daf9474aa0e96b1cf8a6bc66bd652c86e282f4c73eed0b711542e8dc8645
888,reference,74818,peerread,147,8f207f3cabc54f4ce04cb45839d7dc18bddc28b109d325e9961f0be406eaad38
889,reference,18288,wikihow,194,7317d26a5fd2c4b3d6a7af8191022a080938f5d4555ec8877815def12ac395b3
890,reference,17639,wikihow,293,66a0b72b474577d4997feae58c25ed03b43a8eb031f97cb968c899f781f7fb06
891,reference,18344,wikihow,178,4953d89c7018e3468ad45afce6d89f0b9b40ffa2fc634b79070283d2aa2043a0
892,reference,58157,reddit,208,81825d1f0f6a492e25e92181cf7ab22fa6a397f6d5f9fa74080516321088155d
893,reference,107125,outfox,289,15edd821b95113f116f2831a1cad2ccacddb575a234aa048152781e187b11768
894,reference,105917,outfox,231,37ee0d62f33fa60751e60cde09ea35c9fb65a5be6dda124c41167b8505116ee3
895,reference,75504,peerread,273,c8e26e59d6523a11f1c38c67f781eeca58ef77f3f3499c3c0add977ba59acd98
896,reference,57644,reddit,187,25648525ab436c2bed163919198167dc96966c43c4bcf46007e41ee1b1ee2554
897,reference,106418,outfox,262,8287c98c863c1b2d0cf694047fd935eee991070ac9b9304bcae4394f45191b99
898,reference,56757,reddit,236,a7aefe82b8af389444926ee5f036b644b0717cc942c96beb03ed62ee1eb93faa
899,reference,8521,wikipedia,135,8cba208809eec37c73325358bb3ea3ed2966a566924620e247ef3c1c419b32e1
900,reference,9576,wikipedia,270,f9fff9365a8110dbe630c30da89b0791c06ad4722faf94aec2fc8d26e2e41d53
901,reference,3749,arxiv,212,d82ffe946ec883154f28e03bb53d3349fe347dff9ef0211fa1c129b459239d42
902,reference,56292,reddit,199,574cd1124498aad8b4f1ab949ee288585372f277f3d6352af9f035807a63eaec
903,reference,8888,wikipedia,120,350acfec0621148e266f2b9f55c05d2e0e622433cba3226634e1837d0915b913
904,reference,73731,peerread,225,8d958d0e133a231a6780d6a81134f65380c779fdd29557f4c9c0372e29973929
905,reference,17854,wikihow,245,2fead268fb2ea4c68fc0a8059bc86b0570108493f86bb57f99115d05ee1fb62c
906,reference,19304,wikihow,248,a0dd7bbeb4f100560a533c6d2a748482ce5faec1c8f6b6b342a3901604bebb71
907,reference,56917,reddit,285,7bfc3b52f7e2150cf9a0a58e4d0fd81a569e9fca5b21fd37066dc8eac97baffe
908,reference,74000,peerread,298,d15cf54287d5940f999720e535b850f4ad148e105602d785442b511bd833b176
909,reference,106394,outfox,248,1c00086a1611f9cb352cfa05fdb5816091a27699e83f650247f8e4ccfdbe03ff
910,reference,5447,arxiv,134,ed0f0ad12a4167077d8987438efd766f4e45d06d95c75561db764400d4c342c4
911,reference,73719,peerread,181,6c67eaf48f5dfc2f6e9fe49ca4cf33a6401c88dad327df175eac5fe1d45b5589
912,reference,10288,wikipedia,132,565b9d204279132a81873a8e72dd538c68f2307cdcfad9098ab8aff17f3e6d05
913,reference,16921,wikihow,173,c64561d19c13a3b12d826e2561e5e6b5d4974c83b129ad377d79806feba63e23
914,reference,3028,arxiv,218,85fef6044538de31f6fe03d886fdaf6ad545eaf4868b6db10457d2faaae85eb0
915,reference,18745,wikihow,199,3e59f2e05299dd8b59773b2b15e5db80a99e24c436a3edb36207d06a048858fa
916,reference,5777,arxiv,173,958f36e92d5ea83f73275ccdea16e6f851b8ff8d3068f4c98f6ed602256866e6
917,reference,73686,peerread,182,1adca469f289970c3f0ea145f0081a3a680187f3e7f4fe35eea25a2208d10954
918,reference,10059,wikipedia,228,7e86470c595686f6858f95540d4d6048433a6e799dcf5dc61e15dbaeeb2f862a
919,reference,10605,wikipedia,228,fc7958237c6b4b47be13bb0ca192ba4d42fd071717181303c8ba0ecb1a548dcc
920,reference,57715,reddit,167,732eeca0e68b722ac0ff5722c244336467301e254841b4f482dea79ccd690ec8
921,reference,17240,wikihow,235,5c2824061a1fbaeb1428bf03fdd122b541fab65f195c4bacd7073f0db04602fa
922,reference,56160,reddit,272,6b8506182cd69b058b1df52110a10e9a507601817246d6a6022db3468940d5e6
923,reference,107121,outfox,289,b05ef334a9d5685c28918aa64914497258b61c671a1d0a76c567cd8b56ac30e1
924,reference,8442,wikipedia,270,7831de1687a34709c294651c247dd31184db1fb0c81c2edacd807c52b507b4a9
925,reference,58113,reddit,233,fe77f29f66094725d89863009d1d99b39bab82268d3f3a541f498afcd52918a9
926,reference,75742,peerread,197,3155418c84b595b28febcb3718571cad449053a46ce2469a67aecb891fdcd67e
927,reference,105590,outfox,198,3b0554017c0eedd27f27b3e960b67b6529e80bba9d21266cb180ceddc5407a55
928,reference,57136,reddit,250,566ccc3c5d6c9a8261bd2653f3bd5f2f7b7aa34674245bbb9e40e6063e059fc8
929,reference,73709,peerread,287,bc0445589f293183e383b9ad4810609631fb48a62266f54a6b6e3dfd94284556
930,reference,74850,peerread,300,f584ce999bf78e4db60e01b063d421d320c21bf521992656e6376bc4a525cd5d
931,reference,5450,arxiv,142,80ded68606fa0adb3f9ca24f98bcd67a732dd6e3e94ece38214cf3027c95bb48
932,reference,57290,reddit,189,edd5f018d0b31104caf3ea7bc9140dbea559db2492236a121a5263a0710bc0f0
933,reference,4194,arxiv,195,45921741bd8c8f6ee808e33dc1c99fc16c611884ae4768230c54dc961e54b1c4
934,reference,18532,wikihow,245,e7f6164516b1f211d0d45aef61c4e98b0bd6f603e76647057006801350712b85
935,reference,56794,reddit,196,6cfaf2cfc4d71938fa81d701aa81112bda6712483106fd10f3ae50276a890440
936,reference,5954,arxiv,135,881bc563a842100db5db83d6bff360ccb67cce2aace5aee9c263cb275ea4c1be
937,reference,17261,wikihow,232,44b8b5c6a930761895c38dc5199dc87396a5c12eb44491fa94f900fc1a8fb93f
938,reference,9294,wikipedia,181,33e61eced6fcaa7a6057c2107a6111d53d99b0f733b301d3315a71d987ba6fbe
939,reference,3360,arxiv,260,9038054943d7e2521bc7bd1f67a7ab6174d46e65d1993b355e1d64aee2fe94f0
940,reference,9483,wikipedia,216,aade80c783014aa4ecd7eabd7779a549909b496320fd57190e4ef855c0c8f44b
941,reference,19277,wikihow,292,e61a0534f69bd48660b53418b9d686eda904962f399f4eca5577e90eb49fef5b
942,reference,4752,arxiv,166,ede04621feb98bd0e4c8f62089d5a63ac575a2bd3cb3da2467711b3d0f375a6a
943,reference,106716,outfox,235,7ec00a6adde57f05c9909cce2ede6d229b1658fa23bc880718061e7806fb447b
944,reference,106423,outfox,254,f310bb8ad3930b5a2e73b8bc818c7851e88ae277592011087a96a0f2939f4a3e
945,reference,17920,wikihow,200,e9d0db09ff5febb5201f84f89fb86465d53e4f90ef833c43d2adccc4df007916
946,reference,56803,reddit,185,19878fa8326bd94a5573458900221881a9d6b4b129d17c5d9032cb95dd415f68
947,reference,17862,wikihow,239,c83a50a7256bb8370a61e99a390ade8bd8a967e557af25bfd5aa0beb9c8fbac1
948,reference,73428,peerread,170,5e70dca9efb2a61962056f099d179ec98946ed9d53b54b2e0f2424d9070e7254
949,reference,57106,reddit,293,559175198f8025769b096adc998f80f6dadeb2d6be1d49dffbb06b3c6b981b78
950,reference,9033,wikipedia,194,6c197f8da992d6949c874da3e4e487955f1703e19ad9aac056b9496234e1439b
951,reference,19510,wikihow,220,174241542fe533f52009af36cf059a532c217994e16501099c67988d24d5f55a
952,reference,18892,wikihow,264,c66045f7689e6f1b91e9376ce90dd5b792b6199ab0c77d1764ff2bb2cb1ebdd3
953,reference,18597,wikihow,169,2777dc3428353bc05bf223799d07edad951a838a7374da02b726d54dbf089dc5
954,reference,105202,outfox,285,1283ffca26893bd24ddba83c30284e92bd37ec46f5fae971e3f7fbad0a1147e4
955,reference,3810,arxiv,209,1a3a36267308b6a021431aa0a09e70358415a15a6c3cb567e54e7644b9307fed
956,reference,4986,arxiv,230,a74592eb9f47a6f1b608c8304a563875516eab9e3e7fb02e2b5ed5ad38e0d121
957,reference,75001,peerread,278,cb4173092ad0406df28f3f03ab1dbb4e170218dce83eb7f05eb3b5c11645b841
958,reference,10162,wikipedia,136,5d9aeae90a4bfa9f7bcf00c75c50bae1e7df65ad1a924b802d02747acdd461d2
959,reference,74135,peerread,181,2e5ebba6ff64d9f5f97567e2ac3a314941bd830d95af03c8b75a60a8984e6149
960,reference,106117,outfox,214,f1a66c36527e70d398170ad18abb45acc5dafa32f55aea6f3f4cf8149426fd83
961,reference,4563,arxiv,192,398d0114acb9334a417dac6c0f25cc6585b25aff45c65875b46b37339dcb5068
962,reference,18551,wikihow,283,62487f3ba5bcd30a656c1d762bfffc58811cb93b7e4d6f634cfe5cb1a9906ab0
963,reference,107374,outfox,238,b6dc63901eade67c92e256d5006269a901ac72e51c653ff2a8d63fea8458a777
964,reference,107536,outfox,218,ffe631a9ad1d8cfd40096b5bf96361016b458566c2413bb611a4751adacddb02
965,reference,3820,arxiv,271,25eedf840f722ebc75605871aa6758894043c8ca69aa3cd55fa44960c4c46aa3
966,reference,58172,reddit,199,af433c26ce3ff6c3fc6807f9bff4c491b8ece84af92f74b964287e9043bd7511
967,reference,75289,peerread,200,5c88579cc28d177ebc69c8f9dcd07ddd37d62be56a36fdc23544478586dcb77c
968,reference,57453,reddit,259,2b1edb4fa5c320b068d32774d78906a5f3872d540e32defc3b346da75d600c0b
969,reference,74322,peerread,132,a78e636feb8bca512612d15f8c5cddfdc441178ba5bef3a4690aec221a267242
970,reference,9408,wikipedia,136,ed9aca4370c714f3aa7f8ab8ddc8887ad8dc037d766a6a1bdcc6b8ba505f812f
971,reference,105626,outfox,235,f1b7032f584091704ec8a0d4a89d4cc887049b9d2cbb92c6c1156dd90c48e1b7
972,reference,56495,reddit,219,4ff1c991ee02bf9c1a9469897e12c7b74a041ea7243dd0111655d48310dda633
973,reference,3864,arxiv,159,605c6af3f9a5a3505ab200a8946e4c9660de271dd53091395cd9271ed3c522e1
974,reference,73484,peerread,156,655d6db7968c03af24f0957a89b9999cd75256adfa4920e2378155c023e12929
975,reference,3505,arxiv,235,e9ed5cf487290f5827449fa18d4afed4c4ff1a0b29861fa23bbbdd4df5f07d7e
976,reference,73293,peerread,132,2e3da78c122ede3857c9227e2ecc891ee1434e0a70ec8ee65487b965eec2430a
977,reference,18825,wikihow,296,532f324f42780e37f0fb3c55e5ae12230ffd50fa26ad7949cc00ccc5e60e75c5
978,reference,8558,wikipedia,295,8c844bb09912e04fb1bb25f20f939335cbcb99276076be7b02d60021108464fd
979,reference,9761,wikipedia,123,c79d4fdfc60340cf562982af0848543afa92d20dde894bb83fe0eeb5d401a023
980,reference,58339,reddit,206,f746363431f41e67b33be9a730a40cf1c27abdd47bba20b0db51c3c5786635ee
981,reference,74160,peerread,200,9ac1bae5d43ac8662cd28a1225723278cd441c94549971a5e05743a047848bbc
982,reference,75349,peerread,125,b9f736b2fd615a91ebe4ec2f5f26eea9ee71733e609f3ef468ba21d34116e8c1
983,reference,74338,peerread,260,ebf5ec1edf7fb775a36dfa06e63966dad3b926422a5eeffad937d5592e721b80
984,reference,58117,reddit,221,665b1f61b7a862ff9eb7311d827bb8452ded3069382056f90aad0465f83a9904
985,reference,19059,wikihow,272,3b524265bed738613e03160707523d0ed57bc75a0f64af73190dc29fecea72d1
986,reference,58289,reddit,265,662a4086c2746099031f1f081c5879a1575e6a2b6c546b2448b2945750fe5361
987,reference,19095,wikihow,295,945d3e7b36acee182a56d497e25e6c41bf376281b36d3ecb66461cc3b70a373f
988,reference,8656,wikipedia,180,740fb2aa5b338cbf5cff35c05088b447b3300e2eba3616e402f391f648246152
989,reference,74156,peerread,238,43caabfffe0179674b9a717e9c909d5a0135ef4b02ca7e5a0eda423e147ae90f
990,reference,75346,peerread,122,a0c112dc87ecbf9dd782eb7a80f85f7c11d20254cdcb2b9ba50749006201e698
991,reference,106098,outfox,260,4e2a7073b9b2b895db35f9bbc786c2174c83118550f75ba63d3601bda9da4735
992,reference,3838,arxiv,188,3683ac0cd7e39c1d09e06b7c9230ab813682a50921ff0b38d273fe3a3a74c6fd
993,reference,8823,wikipedia,159,58735e1c95a69b3a0795ddd05ae12d4912e520f7f11d2182683b496af631da74
994,reference,5965,arxiv,216,37681e417c62ac8089b661df724fceabe397b55786f0c2ea8763826139f11ebb
995,reference,19298,wikihow,280,f0f80eafc1246c4e5e68f49d5181489348b28bd13295e1d9d2f95a5e31c5523b
996,reference,73077,peerread,159,285eb875ce7534eb98e5213df78fc2dca5580c44b7bf8b7c51b224a85c7148c3
997,reference,105975,outfox,279,174739af99484922c05710bb7a3bcbf6371197d619db752a84859869496bb81b
998,reference,57012,reddit,193,5e345aecb76904a62d0b5eac6704088877a0d1ebca66b3f3f1dd2bd4b9799a93
999,reference,8348,wikipedia,197,719989b024e6a561ba05458067d2b77c32e572a4b99dc5423e09187ab64b1a08
