setting,lowest_T,min_FDG one-sided,min_FDG two-sided,min_Likelihood two-sided,min_max two-sided,gain,loss_at_lowest_T
gpt2-xl_Qwen2.5-3B,0.6,0.002926666666666667,0.5504333333333333,0.4575,0.5591066666666666,0.00867333333333331,0.0045999999999999375
gpt2-xl_SmolLM2-1.7B,0.8,0.009053333333333337,0.5858466666666666,0.47956,0.5836066666666666,-0.0022400000000000198,0.020300000000000207
gpt2-xl_phi-2,0.8,0.03846666666666667,0.6078,0.5581333333333334,0.6461466666666666,0.03834666666666664,-0.03499999999999992
self_Qwen2.5-3B,0.6,0.012166666666666676,0.44375333333333333,0.5308866666666667,0.6137733333333333,0.08288666666666655,0.013513333333333377
self_SmolLM2-1.7B,0.8,0.015393333333333337,0.4974733333333333,0.47996666666666665,0.6330266666666667,0.13555333333333341,0.0032200000000000006
self_phi-2,0.8,0.04260000000000001,0.5304133333333334,0.5763733333333333,0.68908,0.11270666666666673,-0.0006733333333334146
falcon_Qwen2.5-3B,0.6,0.008353333333333334,0.5913866666666667,0.4800133333333333,0.6689933333333334,0.07760666666666671,0.002046666666666641
falcon_SmolLM2-1.7B,0.8,0.0051400000000000005,0.5447533333333333,0.4806,0.6765666666666666,0.13181333333333334,0.011593333333333233
falcon_phi-2,0.8,0.056586666666666674,0.5785566666666667,0.5361466666666665,0.7157366666666667,0.13717999999999997,0.003566666666666718
falcon_pythia-2.8b,0.8,0.005173333333333335,0.5428666666666666,0.5466733333333333,0.65918,0.11250666666666664,0.005900000000000238
