scorer,evaluation,method,AUROC,CI
gpt2-xl,within_blind_spot,XGB DivEye-9,0.7837,"[0.722, 0.843]"
gpt2-xl,within_blind_spot,LR DivEye-9,0.8212999999999999,"[0.760, 0.877]"
gpt2-xl,within_blind_spot,XGB DivEye-9+entropy,0.7588,"[0.687, 0.822]"
gpt2-xl,within_blind_spot,LR DivEye-9+entropy,0.8173000000000001,"[0.758, 0.876]"
gpt2-xl,within_blind_spot,XGB DivEye-9+entropy+FDG,0.7608,"[0.690, 0.823]"
gpt2-xl,within_blind_spot,LR DivEye-9+entropy+FDG,0.8174,"[0.752, 0.872]"
gpt2-xl,within_blind_spot,XGB entropy-4,0.6776,"[0.598, 0.751]"
gpt2-xl,within_blind_spot,LR entropy-4,0.7387,"[0.673, 0.809]"
gpt2-xl,within_blind_spot,Fast-DetectGPT one-sided,0.2878,"[0.223, 0.362]"
gpt2-xl,within_blind_spot,Fast-DetectGPT two-sided,0.6263,"[0.550, 0.704]"
gpt2-xl,cross_temperature,XGB DivEye-9,0.651,"[0.573, 0.731]"
gpt2-xl,cross_temperature,LR DivEye-9,0.7063999999999999,"[0.636, 0.775]"
gpt2-xl,cross_temperature,XGB DivEye-9+entropy,0.6787000000000001,"[0.603, 0.750]"
gpt2-xl,cross_temperature,LR DivEye-9+entropy,0.7517000000000001,"[0.680, 0.817]"
gpt2-xl,cross_temperature,XGB DivEye-9+entropy+FDG,0.6944,"[0.618, 0.766]"
gpt2-xl,cross_temperature,LR DivEye-9+entropy+FDG,0.7454,"[0.680, 0.810]"
gpt2-xl,cross_temperature,XGB entropy-4,0.6053000000000001,"[0.523, 0.689]"
gpt2-xl,cross_temperature,LR entropy-4,0.7354,"[0.660, 0.804]"
gpt2-xl,cross_temperature,Fast-DetectGPT one-sided,0.2878,"[0.221, 0.358]"
gpt2-xl,cross_temperature,Fast-DetectGPT two-sided,0.6263,"[0.545, 0.697]"
gpt2,within_blind_spot,XGB DivEye-9,0.7259000000000001,"[0.646, 0.791]"
gpt2,within_blind_spot,LR DivEye-9,0.7956,"[0.727, 0.854]"
gpt2,within_blind_spot,XGB DivEye-9+entropy,0.7441999999999999,"[0.673, 0.810]"
gpt2,within_blind_spot,LR DivEye-9+entropy,0.7916,"[0.729, 0.851]"
gpt2,within_blind_spot,XGB DivEye-9+entropy+FDG,0.7605,"[0.694, 0.823]"
gpt2,within_blind_spot,LR DivEye-9+entropy+FDG,0.7922,"[0.731, 0.855]"
gpt2,within_blind_spot,XGB entropy-4,0.6609499999999999,"[0.586, 0.735]"
gpt2,within_blind_spot,LR entropy-4,0.6799,"[0.605, 0.753]"
gpt2,within_blind_spot,Fast-DetectGPT one-sided,0.30160000000000003,"[0.232, 0.377]"
gpt2,within_blind_spot,Fast-DetectGPT two-sided,0.6118,"[0.532, 0.689]"
gpt2,cross_temperature,XGB DivEye-9,0.6,"[0.522, 0.677]"
gpt2,cross_temperature,LR DivEye-9,0.6726000000000001,"[0.596, 0.743]"
gpt2,cross_temperature,XGB DivEye-9+entropy,0.6284000000000001,"[0.550, 0.705]"
gpt2,cross_temperature,LR DivEye-9+entropy,0.6992,"[0.627, 0.773]"
gpt2,cross_temperature,XGB DivEye-9+entropy+FDG,0.627,"[0.551, 0.704]"
gpt2,cross_temperature,LR DivEye-9+entropy+FDG,0.698,"[0.626, 0.768]"
gpt2,cross_temperature,XGB entropy-4,0.6083,"[0.531, 0.690]"
gpt2,cross_temperature,LR entropy-4,0.6812,"[0.603, 0.755]"
gpt2,cross_temperature,Fast-DetectGPT one-sided,0.30160000000000003,"[0.227, 0.374]"
gpt2,cross_temperature,Fast-DetectGPT two-sided,0.6118,"[0.529, 0.689]"
Qwen2.5-3B,within_blind_spot,XGB DivEye-9,0.6708000000000001,"[0.594, 0.745]"
Qwen2.5-3B,within_blind_spot,LR DivEye-9,0.7068,"[0.636, 0.776]"
Qwen2.5-3B,within_blind_spot,XGB DivEye-9+entropy,0.7693,"[0.700, 0.831]"
Qwen2.5-3B,within_blind_spot,LR DivEye-9+entropy,0.8108000000000001,"[0.753, 0.869]"
Qwen2.5-3B,within_blind_spot,XGB DivEye-9+entropy+FDG,0.7655000000000001,"[0.697, 0.830]"
Qwen2.5-3B,within_blind_spot,LR DivEye-9+entropy+FDG,0.8121,"[0.746, 0.872]"
Qwen2.5-3B,within_blind_spot,XGB entropy-4,0.6984999999999999,"[0.624, 0.764]"
Qwen2.5-3B,within_blind_spot,LR entropy-4,0.7411,"[0.668, 0.808]"
Qwen2.5-3B,within_blind_spot,Fast-DetectGPT one-sided,0.5991,"[0.519, 0.679]"
Qwen2.5-3B,within_blind_spot,Fast-DetectGPT two-sided,0.4999,"[0.422, 0.581]"
Qwen2.5-3B,cross_temperature,XGB DivEye-9,0.6857,"[0.605, 0.756]"
Qwen2.5-3B,cross_temperature,LR DivEye-9,0.709,"[0.633, 0.781]"
Qwen2.5-3B,cross_temperature,XGB DivEye-9+entropy,0.7827,"[0.713, 0.845]"
Qwen2.5-3B,cross_temperature,LR DivEye-9+entropy,0.8415,"[0.786, 0.892]"
Qwen2.5-3B,cross_temperature,XGB DivEye-9+entropy+FDG,0.7384999999999999,"[0.669, 0.807]"
Qwen2.5-3B,cross_temperature,LR DivEye-9+entropy+FDG,0.8479,"[0.796, 0.900]"
Qwen2.5-3B,cross_temperature,XGB entropy-4,0.6908500000000001,"[0.615, 0.760]"
Qwen2.5-3B,cross_temperature,LR entropy-4,0.7069,"[0.636, 0.779]"
Qwen2.5-3B,cross_temperature,Fast-DetectGPT one-sided,0.5991,"[0.525, 0.675]"
Qwen2.5-3B,cross_temperature,Fast-DetectGPT two-sided,0.4999,"[0.416, 0.586]"
